,직종,재직여부,지역,작성시간,한줄평,기업장점,기업단점,바라는점,기업성장여부,기업추천여부
0,경영/기획/컨설팅,현직원,서울,2019. 01. 03,"""무섭도록 빠른 속도로 성장중인 대한민국 스타트업의 상징!
회사도 성장하고 그 안에서 나도 성장하고.""","1. 내부구성원들을 위하는 기업문화가 형성되어있고, 실제로 운영측면에서도 배려마인드를 기반으로 운영중인 액션이 많이 있음.(피플팀, 우수타, 복리후생, 다양한 이벤트등등...)
2. 회사가 빠르게 성장하다보니 그 안에서 업무영역이 커져서 개인성장이 가능함.
3. '스타트업이 성장하면서 이런 과정을 겪는구나'를 눈으로 직접 확인할 수 있음.
4. 투자를 많이 받고 있고, 영업이익이 나고 있기 때문에 안정적으로 회사가 운영되고 있음.",빠르게 성장하는회사의 특징! 바뀌는 업무가 많습니다. 하루하루 다이나믹해요.,향후 회사가 어떤 방향으로 성장해야 할지 지속적으로 고민하시고 공유해주셔서 감사합니다. 배달의민족이라는 서비스를 넘어서 한국의 푸드테크기업으로 우뚝 설 수 있도록 노력해주세요!,성장,추천
1,경영/기획/컨설팅,현직원,서울,2019. 03. 08,"""체계적인 업무분담으로 자율성을 강조하며 사내분위기로 실무를 극대화할 수 있는 좋은 회사""","그 누구의 눈치도 보지 않으며, 자유로운 의사소통에 내부 분위기, 팀별로 케바케 이지만 복지와 급여의 만족감을 갖고 충분히 워라벨생활을 즐길 수 있음","팀별로 케바케, 외근 및 인테리어관련 부서는 낮과 밤이 없어보이지만 그들에게도 얼굴을 밝아보임, 가끔 눈치없이 너무 오바하는 아래 직원들이 많으며, 사내분위기가 자유로워 컨트롤할 수 없는정도","너무 좋아서 변하지 않을까 걱정이 됩니다
지금처럼 고객, 파트너사, 직원들을 생각해주시는 마음 변치 않았으면 합니다.
화이팅!!!!!
끗",성장,추천
2,인사/총무,현직원,서울,2019. 01. 25,"""개발자가 대우받으며 일할 수 있는곳, 워라밸 좋음""","도서구입비 무제한 지원, 주 35시간 근무, 월요일은 오후1시 출근,",아직 커가는 회사라서 이것저것 세팅해 나가는 단계. 그러나 세팅해 나갈때에도 경쟁사들을 고려해서 세팅하기 때문에 이것마저도 단점이라고 할수는 없을듯.,없다. 비전이 뚜렷하고 가고자하는 방향이 있어 좋음.,성장,추천
3,전문직,전직원,서울,2019. 01. 15,"""일하기 좋은 회사. 누구라도 잘 알고 있는 회사인만큼 실제로도 매우 만족스러운 회사다. 좋은 사람들과 함께 즐겁게 일할 수 있는 좋은 회사이다.""","자율적인 분위기와 좋은 복지를 많이 갖춘 곳. 좋은 사람들이 많이 모여있고 그 안에서 기분좋게 웃으면서 일할 수 있는 곳이다. 4.5일제, 1시출근 도서비 등 일에 더더욱 집중할 수 있게 만들어준 환경이 좋았다.",팀내 팀장과의 소통이 많이 있지 않았던터라 팀끼리 협업이 부족했다. 속해있던 팀 내 사정상 어쩔 수 없었지만 팀으로써 일하기에는 조금 아쉬웠던 부분이였다.,조금 더 폭넓은 관심이 필요 할 것 같다. 이래도 되나? 싶을 정도에 사람이 많이 보인다.,성장,추천
4,경영/기획/컨설팅,현직원,서울,2019. 01. 03,"""무섭도록 빠른 속도로 성장중인 대한민국 스타트업의 상징!
회사도 성장하고 그 안에서 나도 성장하고.""","1. 내부구성원들을 위하는 기업문화가 형성되어있고, 실제로 운영측면에서도 배려마인드를 기반으로 운영중인 액션이 많이 있음.(피플팀, 우수타, 복리후생, 다양한 이벤트등등...)
2. 회사가 빠르게 성장하다보니 그 안에서 업무영역이 커져서 개인성장이 가능함.
3. '스타트업이 성장하면서 이런 과정을 겪는구나'를 눈으로 직접 확인할 수 있음.
4. 투자를 많이 받고 있고, 영업이익이 나고 있기 때문에 안정적으로 회사가 운영되고 있음.",빠르게 성장하는회사의 특징! 바뀌는 업무가 많습니다. 하루하루 다이나믹해요.,향후 회사가 어떤 방향으로 성장해야 할지 지속적으로 고민하시고 공유해주셔서 감사합니다. 배달의민족이라는 서비스를 넘어서 한국의 푸드테크기업으로 우뚝 설 수 있도록 노력해주세요!,성장,추천
5,IT/인터넷,현직원,서울,2019. 08. 02,"""우리나라 기업문화의 최정점. 개발자 대우가 매우 좋고 효율적인 프로세스로 돌아감. 얼핏보면 체계 없어보인다는 말이 정확하다고 생각한다. 들여다보면 매우 체계화된 시스템이다. 실력있는 개발자들이 모여들고 있어서 서로 성장해나가는 기업. 경쟁 기업들과 경쟁이 현재 일시적으로 심화되는 것으로 보이나 미래가 더욱 기대된다.""","도서구입비 무제한
연차 눈치 없음
야근 없음
근무시간 대비 연봉 국내 탑
의미없는 회의 없음
뛰어난 동료들","너무 평등한 조직문화..?
요즘에 다른 기업들과 경쟁
약간 이벤트들이 많음","우선 좋은 기업을 운영해주고 계셔서 감사합니다.
팀원들간의 협력에 대한 부분 너무 좋지만, 어느정도는 개인의 발전과 성장 또한 독려받을 수 있는 분위기 또한 생겼으면.",성장,추천
6,유통/무역,현직원,서울,2019. 03. 08,"""기업문화의 신세계
얼핏보면 자유롭고 체계없어보이지만 업무에 집중하고 효율적으로 끝내는 집중력이 매우 우수한 집단
회사가 직원들을 존중하는게 느껴짐
끗""","사람들이 젊고 유능함
보고를 위한 보고 따위 없음. 효율적인 회의 문화
성과를 내기 위한 직원들 간의 자율적이고 끊임없는 소통
프로세스를 만들어나가는 즐거움
복지 좋음
끗","대기업 생활(체계가 갖추어진)에 익숙한 사람들에게는 힘들 수 있음
내성적인 사람들은 회사가 마치 인싸들의 집단 같이 느껴질 수 있고 어울리는게 힘들 수 있음
끗","너무 좋아서 변하지 않을까 걱정이 됩니다
지금처럼 고객, 파트너사, 직원들을 생각해주시는 마음 변치 않았으면 합니다.
화이팅!!!!!
끗",성장,추천
7,인사/총무,현직원,서울,2020. 02. 24,"""개발자가 대우받으며 일할 수 있는곳, 워라밸 좋음""","도서구입비 무제한 지원, 주 35시간 근무, 월요일은 오후1시 출근,",아직 커가는 회사라서 이것저것 세팅해 나가는 단계. 그러나 세팅해 나갈때에도 경쟁사들을 고려해서 세팅하기 때문에 이것마저도 단점이라고 할수는 없을듯.,이제 회사규모에 맞는 체계가 생겼으면 좋겠습니다. 사람을 존중하고 소통하는 문화는 좋지만 일 할 때 효율도 따져야합니다.,성장,추천
8,경영/기획/컨설팅,현직원,서울,2020. 02. 21,"""체계적인 업무분담으로 자율성을 강조하며 사내분위기로 실무를 극대화할 수 있는 좋은 회사""","그 누구의 눈치도 보지 않으며, 자유로운 의사소통에 내부 분위기, 팀별로 케바케 이지만 복지와 급여의 만족감을 갖고 충분히 워라벨생활을 즐길 수 있음","팀별로 케바케, 외근 및 인테리어관련 부서는 낮과 밤이 없어보이지만 그들에게도 얼굴을 밝아보임, 가끔 눈치없이 너무 오바하는 아래 직원들이 많으며, 사내분위기가 자유로워 컨트롤할 수 없는정도","조금 더 적극적으로 투자해서 대외 신뢰도를 쌓았으면 좋겠고, 그많은 데이터와 지표들을 잘만 활용하면 더 많이 발전할 수 있는데 확고히 결정할 수 있는 임원진들이 아쉬움...",성장,추천
9,금융/재무,현직원,서울,2020. 02. 20,"""확실히 성장하고 있는 회사
구성원들을 생각하고자 노력하고자 하는 회사""","자유로움, 임원직 제외하고는 정말 수평적 구조인 것 같음.
야근수당 잘 챙겨줌
복지 좋은 편 (놀 때는 확실히 놀고, 일할 때는 확실히 일하는 분위기)
구성원이 좋음
네임벨류","신입보다는 경력직 채용이 대부분 (신입 채용은 거의 계약직)
부서 별로 근무강도 편차 심한 것 같음
업무가 확실한 경계나 체계가 없는 것 같음
성과급 없음","새로운 대표님께서 노력중이신 것 같다.
앞으로 회사를 위해, 구성원을 위해 노력해주시면 좋겠다.",성장,추천
10,IT/인터넷,전직원,서울,2020. 03. 01,"""겉과 속은 어디나 같다고 생각한다 결국 사람이 일하는곳""",자기 시간 많음 팀보단 자기 일만 잘하면 됨 결국 사람이 일하는곳,자기일을 미루는 경향 많음 자기 자신꺼만 해결하면 신경안씀,그래도 우아한형제보단 좋은 회사는 손 꼽아 몇개 없음,비슷,추천
11,인사/총무,현직원,서울,2020. 02. 19,"""배울 수 있는 것이 많음
하지만 기대를 하고 들어오면 실망하는 곳""","연차 자유롭게 사용할 수 있음
주 35시간 근무
회사 공간이 자유롭기 때문에 코웍에서도 자유롭게 일할 수 있고, 집중할 수 있는 곳으로 이동해서 일할 수 있음
좋은 동료 (부서마다 다르지만)
많은 일을 하기 때문에 단기간에 배우는 것이 많음","아직 한국식 기업의 문화를 버리지 못했음, 탑다운 형식의 의사결정이 많음",조금더 직원들의 노고를 더 알아줬으면 좋겠습니다. 회사는 직원들과 함께 만들어 가는 것입니다.,성장,추천
12,경영/기획/컨설팅,전직원,서울,2020. 02. 10,"""치열하게 일하며 많이 배울 수 있는 회사였습니다. 물론 부서바이부서""","속해있던 부서(경영 전략 쪽) 기준으로 훌륭한 분들 아래에서 많이 배울 수 있었습니다.
본인 역랑 및 본인이 쏟는 인풋에 따라서 직급보다 더 많은 일을 할 기회도 주어집니다.
빡세게 달리고자 한다면 좋은 곳입니다.","개인주의적인 문화. 누군가에겐 장점 누군가에겐 단점.
문화는 팀마다 많이 다른 것 같습니다.
그리고 점심 식대는 좀 지원해줬으면...","개인적으로 만족스러웠던 직장이었습니다.
좋은 경험 할 수 있었습니다.",성장,추천
13,디자인,현직원,서울,2020. 02. 10,"""디자이너가 대우받으면서 일할 수 있는 곳. 성장하는 기업의 역동적인 에너지를 느낄 수 있다.""","인하우스에서 에이전시의 장점을 느낄 수 있다. 디자이너의 성장을 신경쓰고, 배우고 성장하는 것을 독려하는 분위기. 팀원끼리 서로 돕고, 좋은 정보를 공유하며 함께 성장할 수 있는 곳",생각보다 야근이 많음 . 수평적이고 자유롭지만 리더가 책임지기 때문에 업무처리는 수직적으로 움직여지는 편. 계속해서 함께 공유하고 치열하게 성장하는 것이 미덕인 분위기라 혼자 일처리를 하는게 편하고 일의 워라밸이 중요한 사람이라면 심각하게 다시 고려해보기를.,딱히 있지 않습니다. 지금으로도 만족,성장,추천
14,디자인,전직원,서울,2020. 01. 22,"""열린회사, 많은 사람들의 의견을 들어줌""","안정적이며, 워라벨이 굉장히 잘 시행되어지고 있다. 직원분들이 대부분 친절하심","팀들이 수시로 바뀌고, 사내정치가 많음 이건 어쩔 수 없는 것 같음",앞으로도 좋은 사업과 경영 기대합니다! 지속적인 성장이 있길바랄게요,성장,추천
15,서비스/고객지원,전직원,서울,2020. 01. 22,"""전체적으로 젊은 연령층으로 일하기 좋은 구조, 오픈된 마인드로 괜찮은 회사였음""",서로 각자 할 일 하고 가는 것으로 퇴근 눈치없었음. 근무하면서 복지가 좋았음. 전체적으로 자유로운 분위기로 눈치보며 군대식 업무 할 필요없음.,"회사 위치가 별로 좋지않음. 내부적으로 특별한 단점은 없었으나, 팀장마다 업무하는 스타일이 다르다보니 생기는 업무적 부딧힘은 있음. 업무양이 적으면 조금 더 노력하라는 말을 하였으나, 이도 큰 단점으로 느끼지는 못함","더 오픈된 마인드로 경영했으면 좋겠다. 지금의 상태로 계속 지속되면 좋겠다. 꼰대마인드가 들어오지않고, 계속해서 새로운 아이디어로 경영을 하길 바란다.",비슷,추천
16,서비스/고객지원,현직원,경기,2020. 01. 21,"""인수합병으로 이미지에 타격이 있었지만 여전히 업계 1등.""",배민커넥트 같은 경우 자유롭게 일 할 수 있고 하고싶을 때 하고 싶은만큼만 일 할 수 있음.,매일 프로모션이 바뀌고 계약이 자주 갱신됨. 소통없이 일방적으로 근무시간을 제한해버리기도 함.,제대로 된 체계를 갖추고 근무자들과 소통을 많이 했으면 함. 일방적 결정으로 싫으면 나가라는 식으로 운영되어서는 안됨,비슷,추천
17,서비스/고객지원,현직원,서울,2020. 02. 09,"""외부업체 소속.
기본급은 낮지만 프로모션등 쏠쏠하게 챙겨주는게 종종있음""","입사개월수에 따라 배민이용권 줌
상하관계가 없음
상담사에게 무조건 적인 서비스를 요구하지는 않음","이벤트가 수시로 있는데 그에 대한 메뉴얼이 미약
콜수를 적게받아도 기본급이 무조건 지급. 열심히
하는 사람한테는 나쁜조건이라고 생각함.
성과급도 몇명에게만 주는거기 때문에 콜이 잘 안들어오거나 하는 등 콜수 운이 없으면 열심히해도 띵가띵가 노는 사람들과 비슷한 급여를 받아야함","불만이 있는 고객,사장들이 전화와도 총알받이 하는 것 외에
정확한 응대를 할 수 있도록 현재 있는 메뉴얼에서 강화되길 원함",비슷,추천
18,마케팅/시장조사,현직원,서울,2020. 01. 13,"""대외 이미지에 비해서는 별로인 기업.. 배민뽕 취한 사람 많음""",복지는 진짜 좋고 모두가 눈치보지않고 누리도록 노력하는 편이다 오후 한시 출근 진짜 대박임,스타트업도 아니고 대기업도 아닌 과도기 느낌으로 성장 운운하면서 갈아서 일한다 여기만 그런건 아니겠지만 그리고 이미지 실추될까봐 쉬쉬하는 회사 내 사건들 너무 많고 고인물 너무 많음,성희롱 무관용원칙 교육때마다 말만 하지말고 좀 지켰으면,비슷,추천
19,인사/총무,전직원,서울,2019. 12. 30,"""성장하고 싶다면 이회사에서 하는게 의미가 있다""","하고싶다면 본인이 모두 할수있는 기회가 곳처에 있음
신사업에도 많은 투자를 하고 있기에 늘 새로운곳에 도전을 할수 있음","별도 단점이 없는게 이회사의 단점임
활발한 기운이 넘치는 회사라 오히려 너무 밝고 활발한 분위기를 힘들어한다면 적응하기 힘들수도",늘 지금처럼만 직원들에게 공유하고 직원들을 위해서 경영해주었으면 합니다,성장,추천
20,마케팅/시장조사,전직원,서울,2020. 01. 20,"""젊은 기업문화와 복지가 최고.꼭 한번쯤은 다녀볼만한 가치가 있다.""",연차를 눈치 안보고 쓸수 있음. 퇴근이 자유로움. 젊은 구성원들로 인한 젊은 에너지 발산.,회의가 많음. 주니어들이 많아서 일을 배우기엔 힘들다. 생각외로 수기업무들이 많다.,충분히 잘 진행되고 있는것 같다. 앞으로도 좋은 복지와 일하기 좋은 기업으로 남아주길..,성장,추천
21,인사/총무,현직원,서울,2020. 01. 18,"""회사 자체는 좋으나, 일부 고인물들이 깎아먹는 곳""",복지나 환경 등은 최상입니답 복장도 자유롭고 크게 터치받지않습니자,고인물들이 인재들을 갉아먹는 곳입니다 본인들은 맞고 배민답다생각하지만 절대그렇지않다는것,능력없는 리더를 걸러야하는프로세스가필요합니다 끙끙앓는사람들이 많습니다,성장,추천
22,영업/제휴,전직원,서울,2019. 12. 18,"""잠실의 등대. 일이 많다. 하지만 이직시 네임벨류가 좋아 쉽고 경력 인정도 잘 받는 편""",연차 사용이 쉽다 / 별 눈치 안봄 / 도서 편히 구입 / 커리어에 도움 굳굳,일이 많다.... 진짜 많다... 생각 의외로 많다....,규모에 비해 부족한 직원수.. 기업의 성향과 일치하는 사람을 뽑는것도 중요하지만 우선 일이 굴러가게 뽑는것도 중요한 것 같습니다.,성장,추천
23,마케팅/시장조사,현직원,서울,2019. 12. 14,"""항상 활기차고 에너지 넘치는 곳입니다. 즐겁게 일할 수 있는 곳이예요.""","윗사람 눈치 안보고 휴가 쓸 수 있고, 일을 자율적으로 할 수 있습니다.",월요일에 1시출근이지만 사실 월요일에 야근을 엄청 합니다. 좋은 복지가 있지만 사실상 그 복지때문에 비효율이 발생하는 경우도 ...,신규사업에 몰빵하고 관심갖는것도 좋지만 이미 있는 것들에게도 관심을 가져주세요.,비슷,추천
24,디자인,현직원,서울,2019. 12. 07,"""젊은 분위기, 비교적 수평적 기업 문화를 가진 곳.""","도서구입비, 연장근무수당지급, 대표님과 허물없이 소통할 수 있는 우아한수다타임","팀리더의 보고에만 의존하는 평가체계, 열심히 일 할 기회조차 주어지지않는 환경.",하위조직의 업무 실태를 팀리더가 아닌 팀원들을 통해 파악해주었으면. 우아한평가에 업무를 수행함에 있어 어려웠던 점을 기술하는 항목이 있었으면.,성장,추천
25,서비스/고객지원,전직원,서울,2019. 12. 24,"""하청업체 한국고용정보를 통해 고객상담하는데, 뭐 하나 제대로된 프로세스가 없는 회사""",투잡가능. 그 외에 1도 없음. 글자수를 채우라는 요구조차 고통이다.,"셀수없다. 연차도 맘대로 못쓰고 관리자는 진짜 극소수를 제외하고 하나같이 쓰레기. 놀라울 정도로 일관되어서 혹시 이 회사 관리자의 기준은 인쓰인지 의심하게 된다.
그 중에서도 법으로 형벌받을 수 있다면서 이에 대헌 사원 보호 대책이 1도 없다. 미친 회사.",사소한 것도 회사에서 정보나가야 하는건 변호사 앉혀놓고 정하지 않나요. 변호사 고용할 돈이 없진 않을텐데..,성장,추천
26,마케팅/시장조사,현직원,서울,2019. 11. 22,"""기업 마인드 훌륭한 회사. 대한민국에 몇 안될 듯하고 배달앱 시장 독보적 1위""","내게 딱 맞고 실제로 도움이 되는 복지들이 많고, 꼰대 리더들이 없음. 높은 수준의 연봉 시스템.","업무 강도가 하드할 수 있으며, 일을 못하는 사람이라면 적응이 힘듬",직원들이 쭉 애사심 가지고 일할 수 있도록 지금처럼만 계속 애써주시길. 파이팅.,성장,추천
27,생산관리/품질관리,현직원,서울,2019. 11. 13,"""지금도 성장하고있고 앞으로도 성장할거라 여겨지는 회사입니다""",일단 업종 자체가 진입장벽이 높지않음에도 업계 부동의 1위를 유지할 수밖에 없는 구조입니다. 경쟁사가 아무리 발버둥을 쳐도 위기때마다 따라잡히지않을 정도의 경영적 판단이 이루어지고 있습니다. 또한 복지가 종류도 많고 직원을 세세하게 챙겨준다는 느낌이 많이 있습니다. 예를들면 주택자금이자지원이나 산후조리비용 300만원지원같이 모든 사람이 누리지는 못하지만 언젠간 저 때가 되면 나가는 돈이 많아 힘들수있는데 든든하겠구나 하는 생각을 하게됩니다.,어느 회사든 비슷하겠지만 동료들의 수준의 편차가 너무 심합니다. 때로는 같이 일하기 힘들 정도의 수준의 동료 또는 선배로 인해 역량이 특출난 동료가 그만두거나 의욕을 상실합니다. 스타트업으로 초창기에 채용에 신중하지 못했다는 생각이 듭니다. '최고의 복지는 좋은 동료와 일하는 것' 이라는 말도 있습니다,지금처럼 앞으로도 정치적인 논리 따지지말고 정말 회사의 지속가능한 성장을 위해 노력해주셨으면 합니다.,성장,추천
28,IT/인터넷,전직원,서울,2019. 12. 06,"""개발자가 대우받으며 보람차게 일할 수 있습니다. 대한민국 동종업계 최고 복지와 다양한 사람을 겪으며 워라벨을 실현하는 것과 같이 보였습니다.""",도서 구입하는데 무제한 지원할 수 있는 점과 월요일에는 오후에 출근한다는 점이 장점인 것같습니다. 주 35시간 근무인데 이만큼 일하는 곳이 얼마 없을 것 같네요.,개발자가 많아서 특출나지 않은 이상 직급상승이 힘든 것 같구요. 기업의 단점은 아닌데 출근할때 너무 힘듭니다. 대중교통에 사람이 너무 많구요. 자차 운전해서 가기도 힘든 것 같습니ㅏㄷ.,좋은 회사인데 안 망하고 계속 대한민국의 워라벨 문화를 선도해주셨으면 좋겠습니다. 감사합니다.,성장,추천
29,영업/제휴,현직원,기타,2019. 10. 23,"""어떤 직무이건 존중받으며 일할 수 있는 곳""","의욕을 가지고 일하면 성장의 기회가 충분히 보장된다고 생각한다.
함께성장할 수 있다는 믿음이 있다.","변경사항? 잦은 변화가 임시방편이라는 생각이 들게 함
좀 더 장기적인 관점에서 접근하길.......",너무커져버린 조직에 욕심일 수 있지만 구성원들의 소리를 좀더 적극적으로 듣고 반영할 수 있었으면 좋겠습니다.,성장,추천
30,마케팅/시장조사,전직원,서울,2019. 11. 06,"""군대와 공무원 조직 문화를 음악 들리는 예쁜 곳에서 경험할 수 있는 곳. 전문성 쌓기 어려운 구조.""","업무 공간 인테리어가 예쁘고, 스타트업스러움. 디자인에 신경을 많이 썼음.","소수의 몇 사람이 좌지우지해서 상명하복 심하고, 내부 정치 신함. 원년멤버나 오래된 사람 우선하는 문화 있어서 새로온 사람이 적응하기 쉽지 않음. 일당백하는 경우도 있고, 경력자는 연차에 비해 잡무를 많이 시키시도 함. 전문성, 경력을 체계적으로 쌓기 어려움. 조직이 전반적으로 너무 감정적이라 ‘좋다, 싫다’가 판단 기준이 되기도 함",원칙에 기반한 의사결정 해주시면 좋겠습니다.,비슷,추천
31,영업/제휴,전직원,서울,2019. 10. 21,"""스타트업 기업인 만큼 매우 열린 문화임. 회사내 기업문화부서가 있는만큼 기업문화는 최고임.""","출퇴근에 자유로운편, 쉴때는 쉬고 일할땐 일하는 분위기 쉽게 말해 꼰대가 없는 젊은 기업임
일에 대한 열정만 있다면 계속 다녔을듯",분위기가 워낙 자유로워 가끔 절차가 모호해서 입장이 애매해지기도함. 확실히 영업직이라 신규 사업장 발굴때 여러 자영업자들을 만나는게 힘듦,"지속적인 사업 확장을 하는편은 마음에 들지만 업무량이 많아지는건 사실, 하지만 돈은 더 안줌 일할만큼 시키고 보상은 줘야할듯",비슷,추천
32,경영/기획/컨설팅,전직원,서울,2019. 10. 15,"""주도적으로 일할 수 있고 구성원의 복지와 사내문화에 많이 지원함""","눈치보지 않고 휴가, 퇴근이 가능하고, 주 35시간 근무 및 가족생일 조기퇴근 가능. 직급아닌 'OO님' 호칭도입하여 수평적이고 편한 분위기 속에서 근무할수 있음.","구성원이 1000명이 넘어간 걸로 알고 있는데, 업무 및 의사결정의 체계가 아직 갖춰져 있지 않고 그로 인해 프로젝트 진행에 있어 우선순위와 일정이 자주 바뀌어 실무자가 고생을 많이함.
사업 및 프로젝트를 정치적으로 이용하는 사람들이 다수 팀장이상급에 포진되어 있음. 수평적인 조직문화를 만들고자 하지만 이런점이 수직적인 문화를 야기하고 눈치보기 혹은 줄타기를 안할수 없게함.
워라밸.... 팀마다 다르지만 내가 소속된 팀에서는 살인적이었음.",정치질을 말단사원이나 계약직 직원까지 알게끔 티나게하는 윗분들 덕분에 아랫사람들은 눈치보느라 신경질 받아내느라 업무효율이 반토막 납니다^^. 정규전환 면접때 '배민다움 이란?' 질문은 형식적인 거죠? 체감할수 없는 단어라 굳이 안하셔도 될것 같아요.,비슷,추천
33,영업/제휴,현직원,기타,2019. 10. 11,"""사람을 갈아넣는 곳은 적어도 아니며, 영업과 컨설팅적 자질을 같이가짐""","월요일 13시출근, 높지않은 실적압박, 사내분위기 등이 만족","지방근무, 젊은 기업엔 젊은 꼰대가 있기 마련, 빠른 결정에 할일이 많음",조금만 더 신중한 선택과 집중을 해줬으면 좋겠음제발요..,성장,추천
34,서비스/고객지원,전직원,서울,2019. 10. 21,"""비교적 자유로운 분위기, 젊은 기업문화 지향""","연차를 자유롭게 쓸 수 있고 근무환경 깔끔함, 상담 유형은 대개 비슷비슷해서 하다 보면 크게 어려움은 없음","수신이 우선이기에 변경되거나 신설되는 내용 있더라도 콜 많은 때는 보수교육 뒷전, 유인물로 대체되는 경우 허다, 휴무라도 업무 메신저 소홀히 항 수 없음(변경되는 부분 숙지 못 하고 업무 투입 가능성)","상담사 보호프로그램 미흡, 고객센터 연결시 안내멘트가 따로 없음",비슷,추천
35,영업/제휴,전직원,서울,2019. 10. 21,"""스타트업 기업인 만큼 매우 열린 문화임. 회사내 기업문화부서가 있는만큼 기업문화는 최고임.""","출퇴근에 자유로운편, 쉴때는 쉬고 일할땐 일하는 분위기 쉽게 말해 꼰대가 없는 젊은 기업임
일에 대한 열정만 있다면 계속 다녔을듯",분위기가 워낙 자유로워 가끔 절차가 모호해서 입장이 애매해지기도함. 확실히 영업직이라 신규 사업장 발굴때 여러 자영업자들을 만나는게 힘듦,"지속적인 사업 확장을 하는편은 마음에 들지만 업무량이 많아지는건 사실, 하지만 돈은 더 안줌 일할만큼 시키고 보상은 줘야할듯",비슷,추천
36,마케팅/시장조사,전직원,서울,2019. 10. 20,"""기업의 이미지랑 평이 잘 만들어진 곳""",가족과 함께하는 것을 중요하게 생각하는 문화와 복지 제도가 있어서 좋음. 근데 눈치 보게 됨.,"능력 없는 고인물들이 팀장 이상급으로 너무 많고, 오래된 사람들 우선주의가 있음. 능력 있는 새로운 사람들이 일을 해나가기 쉽지 않음. 이미지랑 달리 소통 안됨","경영과 소통 투명하게 하고, 찍어 누르는 군대문화는 개선해야하지 않을지",비슷,추천
37,마케팅/시장조사,현직원,서울,2019. 10. 10,"""다양한 직종 출신의 사람들이 얽혀 있는 곳. 생각보다 보수적이지만, 본인이 노력하면 얻을 수 있는 것이 많음. 아직도 끓는 냄비 같은 회사.""",연차 눈치안보고 쓸 수 있음. 분위기 자유로운 편. 여전히 성장하고 있는 분위기. 신사업에 대한 다양한 지원.,연차 눈치 안보고 써야될 만큼 일이 많음. 회사 내 일 열심히 하는 부서와 그렇지 않은 부서의 차이가 매우 심함. 똑똑한 직원이 많이 없음. 공무원같은 직원이 많음. 개발자들이 블라인드에 너무 짜증나는 소리를 많이함.,조금더 좋은 인재들을 많이 데려왔으면 좋겠다. 아직도 뽑히는 인재들을 보면 어떤 기준에서 뽑히는 지 알기 어려움. 훌륭한 동료와 일할 수 있게 해주었으면,성장,추천
38,경영/기획/컨설팅,전직원,서울,2019. 10. 04,"""유명한 기업이자 복지가 좋은 회사에 대한 만족도가 높은곳""",사내복지 빵빵하고 좋음 사람들이 좋은 수평적 분위기 너무좋음,하지만 팀별로 분위기가 너무 케바케라...잘못걸리면 난감함,지금처럼 쭉 초심을 잃지말고 해주시되 사원들의 의견을 더욱 많이 들어주세요,성장,추천
39,인사/총무,전직원,서울,2019. 10. 02,"""사내 분위기가 좋고 수평적 구조를 위해 노력하는 기업""","수평적 구조를 위해 노력을 많이하고, 분위기가 좋다. 다양한 행사를 통해 사내 구성원들 끼리 친목을 다지려는 노력이 좋고 서로서로 인사하는 분위기가 좋다.","특정 팀만 분위기가 좋고, 꼰대문화가 아직도 많이 남아있다. 드러나지 않는 꼰대문화로 많은 사람들이 팀내에 불만을 가지고 있는 것 같다.","좀더 노력해 기업내 꼰대문화를 없애고, 더 나아가 꼰대들을 없애고 모두가 행복하게 일할 수 있는 기업을 만들면 좋겠다",비슷,추천
40,서비스/고객지원,현직원,경기,2019. 09. 27,"""지점마다 지입제 라이더에 대한 대우가 틀림""",프리랜서로 정해진 시간만 지키면 되고 사전에 미리 이야기하면 일정 조율이나 추가 근무가 가능함,"신규라이더, 기존라이더에 대한 배달료 차이가 있고 기존 라이더에 대한 지원이 부족 함",기존라이더에 대한 배려가 없는 것 같고 확장 때문이라고 생각은 하지만 차별은 없어야 함,성장,추천
41,IT/인터넷,전직원,서울,2019. 08. 21,"""스타트업계의 대기업, IT직군은 동종 업계 대비 최고의 대우를 해주는 회사""","수평적인 문화, 휴가를 자율적으로 사용이 가능하며 상사 눈치를 보지 않아도 됨. CEO가 소통을 위해 주기적으로 임직원의 목소리를 들으려고 노력함",수평적인 문화. 각자의 목소리가 중요시 되다 보니 정작 중요한 결정을 할 때 의견이 갈리면 한 곳으로 집중하는 의사결정이 어려움,"임직원 모두가 제 목소리를 낼수 있는 것은 좋으나, 업무 의사결정 체계를 명확히 다지는 것도 필요해 보입니다.",비슷,추천
42,영업/제휴,현직원,서울,2019. 09. 05,"""수평적문화와 개인개인이 존중받을 수 있는 회사""","복지가 너무 좋음. 도서구입비 지원, 시간제 연차제도, 생리휴가, 월요일1시출근,사내마사지 등등
회사 시설도 좋아서 편하게 업무를 보고 쉴 수 있는 환경임.",문화가 좋은 만큼 열심히 일해야 함. 업무 평가에 있어서는 냉정한 편.,배민다움을 잃지말고 지금처럼만 계속 유지해주시길!,성장,추천
43,IT/인터넷,현직원,서울,2019. 09. 04,"""많은 경험을 할수 있는 회사. 복지도 괜찮음. 하지만 한번씩 빠듯한 일정에 몸이 힘든시간이 찾아옴""",연차 마음껏 사용 가능. 도서구입비 무제한(만화책 잡지 제외). 4.5일제. 포괄임금제 폐지해서 야근수당 쏠쏠함.,정책이 문서화가 안되어있는경우가 많음. 무리한 일정 요구. 티내야 잘하는걸로 생각함,조직개편 좀 적당히 해주길 바람. 돈 많이 벌어서 직원도 많이 챙겨줬으면 좋겠음,성장,추천
44,영업/제휴,현직원,서울,2019. 08. 10,"""다양한 업무 경험을 통해 스스로 성장할 수 있는 곳. 스타트업이 중견으로 가는 과도기에 있음""","자유로운 연차사용, 포괄임금제 폐지, 다양한 복지(출산지원금, 전세대출지원금, 도서구입비, 주 35시간 근무 등)",빠른 결정에 걸맞는 빠른 번복. 열심히 하던 프로젝트가 엎어지거나 지연되는 경우가 빈번,"""이끌거나 따르거나 떠나거나""에 포커싱하여 개선사항을 요구하는 직원들을 떠나라고 하면 언젠가 다 떠날까 두렵습니다.",성장,추천
45,마케팅/시장조사,전직원,서울,2019. 07. 19,"""개발자가 대우받으며 일할수있는곳
아이디어가 많아야하고 좋은사람은 좋고 어디가나 진상은 있기마련""",눈치안보고 휴가쓸수있다!! 월요일 오후출근이 제일 좋다 ㅎ,아이디어를 많이 내놓아야하고 힘든 사람은 어디에나 있기 마련,직원들의 불만을 듣지만말고 실제로 해결해주는 것이었으면 좋겠다,성장,추천
46,경영/기획/컨설팅,현직원,서울,2019. 07. 17,"""하는만큼 성장할수있는 회사
대신 성장을 하기 위해서 본인이 스스로 노력해야함""","자유로움이 가장 큰 장점
복장, 연차 등 자유로움
시간별로 쪼개서 연차를 쓸수있어 볼일 보기 용이함","성과를 내야만 함 성과위주
스스로 성과를 낼 수있도록 끊임없이
고민하고 일해야함",직원들에게도 앞으로 더 많은 투자 바랍니다,성장,추천
47,IT/인터넷,현직원,서울,2019. 07. 17,"""언론 신경 많이 쓰는 기업, 아이가 있는 가족이 일하기 좋은 기업""","연차 눈치 안보고 쓸 수 있음, 하고 싶은 일이 있으면 추진할 수 있음","인맥으로 업무처리되는 경우가 많음, 기회도 인맥으로 돌아가는 경우가 많음",부서 가려가며 옹호하거나 질책하는 일이 줄어들었으면 좋겠습니다.,비슷,추천
48,영업/제휴,전직원,서울,2019. 08. 01,"""배민을 제외한 나머지 관리의 소홀로 나머지 상황이 일반 스타트업보다 힘든 환경""",배달의민족 이라는 브랜드 하나만 보장됨... 마치 보험사 영업직에서 나도 @@다닌다 라는 것처럼,청년들은 아무 생각도 할 수 없음 내가 무언가 문제라 말하면 우린 그냥 시키는 대로 하면 되는 것이다 이미 그들이 고민한 부분을 너는 고민중이다 라고 답변함. 그럴거면 위키라도 공유해야 중복된 생각을 버리고 더 나은 생각을 할 것 아닌가.. 아니면 그냥 청년들의 생각은 듣기 싫은건가,1위기업은 문화를 만든다고 하셨던 것처럼 사내문화도 외부에 보이는 것처럼 신경써주길,비슷,추천
49,서비스/고객지원,전직원,서울,2019. 07. 02,"""상담건수에 대한 압박이 없으며 선임들의 분위기가 좋은편""",수평적이고 자유로운 사무실 분위기가 가장 큰 장점이라고 할 수 있다. 선임들와의 관계도 수평적인편,현재 사회문제에 대해서 뚜렷한 피드백없이 자연스럽게 넘어가려고 하는점이 평판을 안좋게 만들음,소비자들의 의견에 귀기울이고 피드백을 해주시깅,성장,추천
50,IT/인터넷,전직원,서울,2019. 07. 13,"""신입개발자들에게는 이보다 좋을 회사가 없음.""","꿀같은 월요일 출근, 나름 괜찮은 사내 복지.
개발자직에서는 나름 괜찮은 회사",회사의 체계가 아직 완전히 잡히지는 않은 듯함. 경력자들에게는 불만이 있을 수도 있다 생각.,회사의 체계가 더 바로잡혔으면 함. 개발자로서 뭔가 배움의 시간이 된다고 하기에는 어려움.,비슷,추천
51,IT/인터넷,전직원,서울,2019. 05. 26,"""재미있게 일 할 수 있는 직장, 떠오르는 대기업 후보""","연봉을 많이 줌, 맥북을 지원해 줌, 기업 문화가 잘 정립되어 있음, 잠실에 위치해 있음","일이 많다, 야근이 잦다, 팀별로 기업문화를 받아들인 정도가 달라 운이 없으면 정말 안좋은 팀에 배치될 수도 있음","신규 사원들을 더 많이 뽑아줬으면, 점심시간을 다시 1시간 30분으로 늘려줬으면",성장,추천
52,IT/인터넷,전직원,서울,2019. 06. 21,"""개발자가 일하기 좋는 회사 다닐당시 만족하며 다녔던 기억""",업무성취도가 높은편인것 같습니다 여러 기옵들 경험해봤으나 만족도상,아직 어수선함이 남아있는 부분들이 았어 좀더 시스템화된다면 굿,지금처럼 성장하면서 좋은 회사로 계속 남아있길 바랍니다,성장,추천
53,디자인,현직원,서울,2019. 05. 16,"""디자이너를 존중해주는 분위기. 디자이너가 대우받으면서 일할 수 있는곳. 복지도 좋고 실력있는 디자이너도 많다.""",복지가 아주 좋음. 퇴근하거나 휴가쓸때 눈치 안볼 수 있다. 유연하게 일할 수 있도록하는 분위기,하지만 신규입사자가 친해지기 조금 어려운 분위기인 것에는 조금 동의. 회의가 너무 많아서 막상 일할 시간이 별로 없는 것이 단점.,딱히 없고 잘 모르겠다. 현재 추구하는 비전을 잘 이어나가길.,성장,추천
54,경영/기획/컨설팅,전직원,서울,2019. 05. 03,"""자유로운분위기와 눈치없이 휴가를 사용할수있는 자유""","연차사용자유, 칼퇴가능, 다양한 사내 이벤트로 재밌는 회사생활, 다양한복지, 휴게실, 점심시간이 길어서좋음","개발직군에 몰아주는 연봉, 체계가부족함, 부서별근무강도차이심함, 계약,도급인력차별대우심함, 잦은 부서변경","성장하는만큼 직원관리에 힘써주길, 대외적인 이미지에만 매달라지말고 내부직원들을 좀더 챙겨주세요",비슷,추천
55,서비스/고객지원,전직원,서울,2019. 05. 24,"""수평적인 문화, 수직적인 업무 - 가끔은 헷갈려""","복지로는 업계 최고수준, 앞으로 몇년간 성장가능성 많음",신규사업 추진을 적극적으로 하지만 안되겠다싶으면 빨리 접음,우아한 형제들의 일원인 것이 자랑스럽도록 해주세요,성장,추천
56,디자인,전직원,서울,2019. 04. 17,"""재미있는 프로젝트가 많고 연봉이 그럭저럭 괜찮다는 것""","여기에서 일했다고 하면 어디서든 오 하는 분위기
결과물 컨펌이 현대 흐름에 맞는다는 것","실제 퇴근시간은 솔직히 많이 늦어질 수 밖에
내가 모자라서겠지만...
컨펌이 굉장히 주관적",조금 더 공격적인 복지혜택과 직장내 교육환경,성장,추천
57,유통/무역,현직원,서울,2019. 05. 02,"""직원들을 위한 회사, 스타트업이기에 미숙한 부분도 있을 수 있지만 업계에서 좋은 문화와 여러 복지를 배달의민족만의 문화로 정착 시켜 나가면서 직원이 더 일을 잘할 수 있게 힘쓰고 있다.""","연차를 눈치안보고 쓸수 있고, 본인 의지에 따라 기회와 책임이 생기는 곳",체계적인 시스템 도입보다 회사가 너무 빨리 성장하여 보이는 단점들이 있음,행하고 있는 모든 서비스가 한대 묶여 같은 미래를 보왔으면,성장,추천
58,IT/인터넷,전직원,서울,2019. 04. 29,"""개발자가 대우받으며 일할 수 있는 환경이며, 자유롭게 의견을 건의할 수 있다""","직원의 복지가 잘 되어 있으며, 피플팀을 운영하면서 직원들의 복지에 더욱 신경을 쓰고 있다.","스타트업 기업이기 때문에 야근이 필요할 때도 있고, 해야할 일이 많다",직원들이 더욱 좋은 환경에서 근무할 수 있도록 계속 신경쓰면 좋을 것 같다,성장,추천
59,영업/제휴,전직원,경기,2019. 04. 26,"""소중한 경험이지만 아직회사가 작다는 느낌이 큽니다ㅠㅠ""",다양한 것을 시도하려 노력하며 직원들의 의견을 수용하려 합니다,연봉이 그렇게 높지않으며 발전중이라 난잡한 면이 있습니다,체계적인 시스템 구축이 필요합니다!!!!!!!!!!!!!!,비슷,추천
60,IT/인터넷,전직원,서울,2019. 03. 11,"""개발자 우대하는 분위기인듯하고 그래서 다른 직군이 개발자만 우대하는 분위기를 조금 지양하는 듯""",말이 아닌 실질적 복지가 많은 편이고 대표가 한말은 지키는 느낌,정리가 안되면서 빨리 커버린 느낌이라 잘 정리가 되어야할것같다,사람만 계속 뽑는게 능사는 아닌 것 같다,비슷,추천
61,IT/인터넷,전직원,서울,2019. 04. 09,"""다양한 개발환경과 함께 일하는 동료들의 수준이 높고 배울 수 있는 것이 많다.""",도서구입비와 칼퇴근. 사회에 긍정적으로 기여하는 공헌도가 높다. 신기술을 받아들이는 것에 익숙하다.,너무 많은 사내 이벤트로 인하여 업무 집중도가 떨어진다. 보여주는 것에 치중되어 있는 것들이 많다. 학교 동아리 같은 분위기가 오히려 역효과가 많다.,"내실이 튼튼한 회사가 되길 바라고, 내부 분위기를 갉아먹는 일부 텃세를 부리는 오래된 직원들이 하루 빨리 프로다운 자세를 배우기를 바란다.",비슷,추천
62,경영/기획/컨설팅,전직원,서울,2019. 02. 26,"""성장가능성 여전히 높고 조직문화가 유연함""","자율적으로 이루어지는 근무.
일과 삶의 밸런스를 갖출 수 있음
특히 가정이 있는 사람에게 좋음","비효율적인 업무체계
분위기는 자유롭지만 업무효율은 대기업만큼 떨어짐
높은 직급 분들이 역량이 안되는 사람이 있음","신규사업 투자만 하지 말고
내부 프로세스 개선에 힘써줬으면 좋겠음",성장,추천
63,서비스/고객지원,전직원,경기,2019. 02. 18,"""한번쯤은 경험쌓으려고 도전해볼만한 곳""","분위기도 좋고 복지가 좋았음.
사실 뭐하나 부족한 건 없었음.",단점은 없었지만 굳이 단점을 뽑자면 나와 맞지 않았음.,지금처럼만 잘 운영이 되었으면 좋겠음.,성장,추천
64,경영/기획/컨설팅,전직원,서울,2019. 03. 05,"""야근을 밥먹듯이 하는 회사. 일에 체계가 없고 주먹구구식 업무처리.""","도서지원비, 야근택시비, 야식 지원, 아침 과일 지원, 젊은 회사 분위기",회사가 대외적으로 자랑하는 수평적이고 자유로운 근무 환경은 타 부서에게나 적용되는 것들이었음. 회계팀은 야근을 밥 먹듯이 함. 타부서도 인정하는 야근이 일상인 팀. 일에 체계가 없고 주먹구구식. 상사들의 편협한 시각으로 소수의 의견이 다수의 의견이 됨.,아랫 사람들의 의견도 귀 담아들어줬으면 좋겠음. 사람이 자주 그만두는데에는 다 이유가 있는 것. 그 이유를 그 사람한테서 찾지 말고 팀 내부에서 찾고 고민하길 바람.,성장,추천
65,IT/인터넷,현직원,서울,2019. 01. 04,"""개발자 대우는 많이해주고, 뛰어난 사람들이 많아 배우기에도 적당. 복지도 괜찮고 오후출근도 있어서 오래 다닐수는 있는 회사""","복지가 좋음. 월요일 오후출근에 주 35시간근무, 도서구입 무제한 등 좋고 개발자가 크기에 좋은 사람들이 많이 포진되어 있고, 팀 by 팀이지만 팀마다 개발문화도 좋다고 들었음. 대기업으로가고있긴 하나, 아직도 할일이 많아서 재밌게 일할수 있을거 같다. 대표님도 직원들하고 커뮤니케이션많이 하려고 노력하고있음.",퇴사를 자극할 정도로 답답한 의사결정이 많음. 사공이많아 배가 산으로가는지 바다로 가는지 궁금한 경우도 많음. 조직내 리뷰가 존재하지만 위로 리뷰하는 제도는 없음.,"신입개발자뿐만아니라, 5-10년차 개발자들도 매력적이라 느낄수 있는 회사를 만들어주셨으면함.",성장,추천
66,금융/재무,현직원,서울,2018. 12. 13,"""다양한 일을 경험해보고 젊은 구성원들과 함께 일해보고 싶은 분들께 추천드립니다.""","첫 번째는 수평적인 분위기라 팀워크가 좋고 타 기업과는 다르게 자유롭게 일하는 분위기입니다.
두 번째는 도서구입비 지원과 같은 사내 복리후생이 매우 잘 갖춰져있습니다","첫 번째는 스타트업기업이다보니 정리되지 않은 체계의 일을 하게되는 경우가 종종 발생합니다 그러다보니 적응하는데 시간이 좀 걸리기도 합니다
두 번째는 매월 막바지에는 일이 몰려 바쁩니다.",신입사원을 위한 교육제도가 더 나아졌으면 좋겠습니다. 회사 내 일할 공간이 더 넓었으면 좋겠습니다.,성장,추천
67,경영/기획/컨설팅,전직원,서울,2019. 02. 10,"""젊고 좋은 기업문화를 고루 갖추었지만 부족한 부분은 있기에 지속적으로 변화하려고 노력하는 기업. 사업 성과가 계속해서 좋아서 분위기가 좋음.""","각종 복지혜택. 월요일 오전 근무 없음. 배우자 부모까지 포함되는 실비보험. 무제한 도서비 지원.
젊은 문화. 모두 님으로 호칭. (하려고 노력. 실상은 임원 이상은 공식적으로 임원 직급을 붙여서 불러야. 팀장도 팀장이나 직급을 붙여서 불러야 좋아함. 그렇지 않아도 그 이하지만 나이가 있거나 위계질서가 강한 조직은 이름 님으로 부르면 싫어함.)
여유로운 점심 시간.
이쁜 공간.","성과급이 없음 (장점이 될수도. 나름 철학이 뒷받침되는 제도임)
국내 위주의 사업이므로 해외 출장을 가게 되는 업무를 할 시 해외출장 일정을 짜는데 있어서 눈치를 보는 듯. (엄청 빡세게 잡음)
사업 추진 속도가 매우 빨라 적응하지 못하면 힘듦 (매우 잦은 조직 변경, 계열사 처분 등)","강력한 팀웍을 갖추기 위한 노력도 중요한 것 같아요
지금처럼 구성원들 이야기에 항상 귀 기울여주세요",성장,추천
68,마케팅/시장조사,전직원,서울,2019. 02. 07,"""젊은 꼰대 많고 텃세 심한 회사 (팀 복불복 갑)""","도서를 무제한으로 살 수 있고, 월요일은 오후 1시 출근. 카페처럼 야근 할때까지 음악이 계속 나온다","- 스타트업에서 갑자기 커져서 그런지 각종 시스템이 미비하고, 쓸데 없이 공수 드는 일이 많아 시간 대비 비효율적으로 일한다

- 야근도 많음 (야근비 25,000원)

- 무리 지어 다니면서 꼰대질+갑질하는 무식한 사람들이 많다 (=우리 팀)

- 팀장 자격 없는 사람이 팀장을 하고 나머지는 열심히 싸바싸바하면서 다 함께 말아먹는 중 (팀 복불복 최고인 회사)

- 겉 보기에는 젊고 재미있고 화려한 회사이지만 데이터, 체계 등이 그냥 없다고 보면 됩니다


여러분, 부디 SNS 환상에서 벗어나시고 새로운 마음으로 기업을 찾아보세요.","사람을 뽑았으면 방치하지 말고
그 사람이 가장 잘하는 분야에서 퍼포먼스를 낼 수 있도록 인력 배치부터 잘 좀..",비슷,추천
69,금융/재무,전직원,서울,2018. 10. 10,"""다양한 아이디어를 생각나게하는 분위기를 조성해놓았습니다.""",도서 구입비 및 사내 분위기가 장점입니다. 또한 업무 시간에 있어 워라벨이 가능하다고 생각합니다.,먼저 낮은 연봉이 가장 큰 단점이라고 생각합니다. 또한 현재 크고 있는 기업이기 때문에 아직 체계가 약간 부족합니다.,"합리적인 보상 체계가 필요한거 같고, 진급체계도 상세히 만들어놓을 필요가 있어보임",성장,추천
70,마케팅/시장조사,전직원,서울,2018. 10. 01,"""배달앱의 한계를 극복하고자 노력하는 스타트기업""",도전적이고 미래지향적이다. 뿌리부터 끝까지 아이티기업임으로 성장가능성은 높다고 생각됩니다. 배달의 민족과 로봇에 사업이 집중 되어 있다,젋은 기업이라서 말이 많고 컨설팅 기업이미지가 강한 기업이다. 조직원들이 어리고 아직은 체계적으로 업무를 진행하지못하는 기업이다.,선택과 집중을 해야하는데 사공이 너무 많다.,비슷,추천
71,영업/제휴,전직원,서울,2018. 09. 16,"""좋은 근무 환경으로 직원들 사기가 진작이 됨""",복지는 직원들에게 맞춰 잘 구성이 되어 있다. 상하 구조가 아닌 수평구조로 의견을 제시하는데 제약이 없는 것 같았다. 근무 환경도 대기업 못지 않게 깨끗한 편이다.,업무 강도가 조금 강하게 느껴질 수 있어 힘들어 하는 사람은 무척 힘들어 하는 모습을 보았다. 급여수준이 높다고 생각이 되지는 않았고 가끔 편가르기를 하는 사람도 보이는것 같았다.(느낌상),트렌드에 맞춰 사업을 확장하면 좋겠다,비슷,추천
72,경영/기획/컨설팅,현직원,서울,2018. 11. 01,"""문화 및 복지는 두말하면 잔소리
외부에서 보는것만큼 꿈의 회사는 아님
하지만 나름 자부심 가지고 다닐 수 있는 기업
앞으로가 기대되기도 하고 불안하기도함""","모든 업무에 대해 수평적인 구조가 가장 큰 장점
외부에 보여지는 만큼은 아니지만, 굉장히 자유로운 편
사람 스트레스도 상당히 덜한편","급속도로 성장하는데에 비해 개선되지 않는 옛날 프로세스들과 개선되지 않는 점
빠르게 이루어지는 결정들로 결과 등에 대해 보람을 느끼지 못할 때가 많음",구성원의 소리를 세심하게 듣고 있다는 것 압니다. 하지만 좀 더 들여다 볼 필요가 있을 것 같아요. 안에서 썩어가고 있는 것들이 보일정도..,성장,추천
73,영업/제휴,현직원,서울,2018. 08. 17,"""사내문화가 정말 잘잡혀있다. 스타트업이라하기엔 이미 넘사벽인 회사""","수평적인 사무실 분위기와, 뭐니뭐니 해도 월요일은 월요병방지-13시 출근?? 주 4.5 일제",야근을 강요하지 않고 휴가쓰는 것에 눈치보지 않으나 일이 많을 땐 많다. 자발적이지만 불가피한 야근은 간혹.,대표님사랑해요 만족하며 다니고 있는편에 속하기에 딱히 바라는점? 없다.,성장,추천
74,마케팅/시장조사,전직원,서울,2018. 08. 05,"""자유로운 분위기, 안맞는 사람은 정말 안맞고 잘 맞는 사람은 정말 잘 맞음""",동료들과 어울리기 좋아하는 사람들이라면 정말 많은 기회를 제공함. 퇴근시간이 되어도 노느라 집에 안감,업무시간에는 업무만 하기를 원하는 사람은 힘들 수 있음. 실제로 그래서 퇴사하는 사람도 많음.,"퇴사한지 오래되긴 했지만, 정말 기억에 남는 경영진이었다. 초심을 잃지 말고 정진하시길",비슷,추천
75,서비스/고객지원,전직원,서울,2018. 09. 12,"""유망 기업에서 잠시 근무한 것만으로도 좋은 경험이었다고 생각을 하게 해주는 회사""",알바생으로서 근무했을때 상당히 수평적인 분위기에서 근무할 수 있었으며 상사분들이 업무 지시 할 때 강요가 아닌 부탁 식으로 말씀해주시는 것이 상당히 인상깊었음. 자유로운 분위기가 매력적인 회사,높은 층수 /엘리베이터 타기에 협소. 잠실 바로 옆인 몽촌토성 역에 위치하여 출퇴근 시간에 지하철 번잡한 것이 유일한 스트레스였음. 알바생 기준에서 업무를 통해 받은 스트레스는 딱히 없었음.,같은 층수에 계셨던 고위 경영진분들도 배려해주시고 잘 챙겨주셨기에 감사했습니다.,성장,추천
76,마케팅/시장조사,전직원,서울,2018. 08. 03,"""구성원 모두가 한 마음으로 한 목표를 향해 달려가는 기업. 긍정적인 사람들이 모여 시너지를 발산하는 좋은 기업.""",1. 퇴근 할 때 눈치를 보지 않아도 된다. 2. 점심밥이 맛있다. 3. 긍정적인 분위기,1. 폐쇄적인 문화: 결속력이 중요한 조직 문화다 보니 구성원들과 캐미가 터지지 않은 성격의 소유자는 적응하기 힘들다. 2. 야근이 많다. 3. 초기 직원들의 이직률이 꽤 높다. 4. 수직 문화: 직급체계가 확실해서 불편하다.,"유연한 조직 문화, 반면에 뚜렷한 직급체계의 수직 문화는 상충된다고 생각한다.",성장,추천
77,IT/인터넷,현직원,서울,2018. 08. 02,"""대기업과 확연히 다른 분위기. 마음껏 웃으며 다닐 수 있는 회사.""",윗사람과 서슴없이 일에 대해 논의하고 프로세스을 잡아나갈 수 있다는 게 최고의 장점.,일이 많다. 한달이 지나가기도 전에 너무 많은 게 달라지고 그걸 따라가기에 급급.,박차를 가해 달려나갈 시점임은 분명 맞으나 조금은 쉬어도 되지 않을까요.,성장,추천
78,마케팅/시장조사,전직원,서울,2018. 07. 23,"""복지와 근무환경이 좋은회사이고 젊은 층으로 이루어져 활기찬기업""",복지와 근무환경 및 사람들이 젊어 다른기업에 비해 활기가 남친다,생각보다 높은 업무강도 의사결정이 수시로 변경되는 경향,체계적인 업무영역 재구축이 필요하고 의사결정에 잇어 모든 구성원들이 참여할수 잇는 기회마련이 절실함,성장,추천
79,미디어/홍보,전직원,서울,2018. 08. 03,"""개발자들이 근무하기에는 좋은곳인것 같다""","복지제도!! 월요일 오후출근에 7.5시간 근무!
이것외에도 좋은 복지제도가 넘쳐난다","어딜가나 홍보 마케팅직렬은 일이 많다
야근 고려해봄
돈을 많이 준다는건 그만큼 일이 많다는것","복지제도 많지만 과연 다 쓸 수있을지
야근, 회식 없는 회사는 없는것인가",비슷,추천
80,IT/인터넷,전직원,서울,2018. 08. 03,"""동종 업계에 비해 낮은 연봉으로 비추천 회사입니다 다른 회사 추천""",출퇴근의 자유가 있는 회사 하기만 하면 걱정이 없는 회사,자기일만 해도 되서 친목도모가 안되는 회사로 정치가 심함,제발 눈치보지 않고 일하게 해줬으면 합니다 이글을 읽었을지가 의문,비슷,추천
81,IT/인터넷,현직원,서울,2018. 07. 11,"""좋은 사람들과 함께 성장해나갈수 있는 회사""","- 도서구입비
- 주35시간 근무
- 성장 가능성
- 좋은 사람들
- 자유로운 연차 사용","- 오래되지 않은 회사라 여러부분에서 정해지지 않은 것들이 있음
- 자주 바뀌는 의사결정",- 대다수의 사람이 이해 가능한 의사결정이 되었으면 합니다.,성장,추천
82,IT/인터넷,현직원,서울,2018. 07. 19,"""빠르게 변화/성장하고 있으나, 변화의 속도와 방향은 투자자로 하여금 많이 결정된다.""",눈치보지 않고 퇴근하는 문화! + 결혼/출산/육아에 특화된 복지제도들이 있어 유부들에게 좋다. 그리고 다른 회사에 비해 수평적인 편임.,"눈치보지 않고 퇴근은 할수 있으나... 일이 겁나~~~~~~~~~~~ 많다(부문/팀별로 다를수 있으나..). 변화와 성장이 빠른만큼 의사결정 번복이 잦아 여긴어디 나는누구? 하는 경우가 더러 생긴다.
업무에서 정치는 어딜가나 빼놓을수 없지만, 이사레벨에서의 경쟁구도가 너무 심해서 정작 실무자들이 난감한 경우가 많다.
(우리회사 규모에 이사가 너무 많다........ )","우리회사 문화, 복지, 대표님의 철학 너무너무 좋습니다. 다만, 실장님들 때문에 회사에 다니면서... 눈치보기만 늘었어요... 잘 하고싶지만 이리저리 끌려다니게끔 만들고. 과연 아랫사람은 누굴 보고 일해야 하나요? 의사결정자가 많고 다 다른 목소리 내시고.. 부사장님께 서로 이르기 바쁘고 초등학생들입니까.. ㅠ",성장,추천
83,마케팅/시장조사,전직원,서울,2018. 06. 14,"""정다운곳 사람다운 사람들이 일하는곳 워라벨 보장됨!""","일이 없다면 눈치안보고 칼퇴근, 휴가를 자유롭게씀 1시간 반정도 되는 점심시간 너무 좋고
개인적인 의견도 말할 수 있음","전체적인 직군을 보았을때 초창기부터 근무하던 사람들은 텃새가 없음 오히려 1~3년차 정도 사람들이 텃새가 강함 그래서인지 처음에 들어오신 분들 중 몇몇 분들은 중간에 퇴사. 그리고 새로 바뀐 이사들은 자신이 뽑은 새로운 팀장, 선임들에게 힘을 주려 위에 언급한 잘못된 일을 포함해 침묵함 그래서 초창기 근무한 사람들이 하나 둘 떠남..",경연진에게 다른 할말은 없습니다.....,성장,추천
84,IT/인터넷,전직원,서울,2018. 06. 14,"""사원 분들이 서로 존중하며 친하게 지내 회사 분위기가 매우 좋습니다.""","월요일 오전에 출근을 하지 않기 때문에 월요병이 없습니다. 신입으로 들어간다면 연봉도 적지 않다고 생각합니다. 또한 복지정책도 좋아, 임신 휴가 등이 자유롭습니다.",출근 시간이 아침 9시로 정해져 있어 부담스러웠습니다.,딱히 바라는 바 없습니다. 한 가지 있다면 원래 있었던 구내 식당을 다시 만들었으면 좋겠습니다.,성장,추천
85,디자인,현직원,서울,2018. 06. 13,"""최고의 회사였지만 지금은 보통회사를 향해 전력질주하고 있다""",대표가 정말 보기드믈게 좋은사람이다 믿어도됨 자유로운 분위기 자잘한 복지,대표아래 인간들중에 사람 아닌놈들이 많이 들어와서 회사 분위기 다 망쳐놈,십상시들 다 처단해주세요 회사가 병들어가고 있어요 ㅠ,성장,추천
86,디자인,전직원,서울,2018. 06. 22,"""개발하는 사람이 대우를 받으며 일할 수 있는 곳. 앞으로의 성장이 기대되는 곳""","연차와 야근, 수평적인 회사분위기 자유롭고 가족같은 분위기",자유가 보장된 만큼 책임져야하는 것도 당연히 따른다. .,더욱 끊임없이 연구하고 열린 마음으로 직원을 채용했으면 한다,성장,추천
87,영업/제휴,전직원,서울,2018. 05. 31,"""개발자가 대우를 받으며 일할 수 있는곳 대우 받는만큼 일을 해야한다""",직원 복지가 굉장히 잘 되어 있다. 월요일 오후출근인게 제일 좋은 장점이다.,"생각했던것 만큼 자유로운 분위기는 아니였다.
업무량이 많다.",신규 사업 추진에 추진을 바라고 영업관리에 있어 인원보추이 더 필요하다.,성장,추천
88,서비스/고객지원,전직원,서울,2018. 05. 28,"""젋은 감각이 많이 엿보이는 회사, 그러나 결국은 토종 한국 기업문화이다""","창의성을 중요하며, 중소 기업임에도 직원 복지를 위한 팀이 따로 있다","각종 회의, 문서 등 일을 위한 일이 많고 야근이 잦다",다른 복지 보다 워라밸을 위해 힘써주세요,성장,추천
89,IT/인터넷,현직원,서울,2018. 05. 25,"""개발자 대우가 좋은회사! 미래가 기대되는 회사! 기술력이 있는 회사!""",주4.5일 근무와 신입에게도 높은 연봉을 주며 기술력이 좋은 회사!!,재무구조는 탄탄하지만 대기업이나 시장 흐름에 따라 사업구조가 급변할수있기 때문에 뒤쳐지지 않게 흐름을 잘 따라가야 할것같습니다.,새로운 기술력을 습득하다보니 이전 기술을 등한시 여기는 경우가 나올수 있습니다. 이전기술과 함께 신기술을 잘 접목시킨다면 더 좋은 회사가 될것같습니다.,성장,추천
90,디자인,전직원,서울,2018. 05. 31,"""왠만한 오래된 기업들보다 안정된 스타트업 같은 기업""",수직적인 느낌의 꼰대문화는 없다 사원복지에 신경쓰고 트렌디한 느낌이다 사람들 연령이 대체로 젊은편이었다,신생부서가 자리잡을때 체계가 없어서 힘들다는 느낌이 들었다 많은 회사들을 인수하면서 제대로된 조직이 자리잡지 못했던 느낌,좀더 체계적인 조직으로 자리잡을 수 있도록 성장했으면 좋겠다,성장,추천
91,경영/기획/컨설팅,전직원,서울,2018. 05. 31,"""회사가 더 성장하지 않으면 안되는 회사인데 성장이 정체된 회ㅛㅏ""","자유로운척 하는 조직문화,it업계라고 구글처럼 보이고 싶은 회사",하지만 속은 똑같은 헬조선식 한국문화 무기계약직으로 들어가서 정규직된 사례는 많은게 장점,배달의민족이 언제 망해도 이상하지 않는 회사네요 회사가 성장하면 직원들도 좋겠지만 미래는 불투명한 회사 비전이 없는 회사,비슷,추천
92,영업/제휴,전직원,서울,2018. 05. 21,"""발랄한 분위기 하지만 영업은 전단지알바 수준""","도서비 지원
칼퇴 가능
지방 지사는 구성원 수가 적어서 가족or동아리같은 분위기임","영업사원 1명당 약 200명의 업주 관리
밤낮, 주말없이 매일 울리는 휴대폰
고객센터에서 일처리가 잘 되지 않아 영업사원들이 잡일 많이 함
인센티브 없음
실적 압박 있음","2017년에 퇴사했지만 동료들 이야기 들어보니
영업직무가 더 힘들어졌더라구요..
영업 방식을 좀 바꿔야할 필요가 있는 것 같습니다.",성장,추천
93,디자인,전직원,서울,2018. 05. 11,"""젊고, 자유롭고, 활발한 환경에서 일할 수 있는 곳""",퇴근을 하거나 휴가를 사용할 때 눈치를 주지 않는 자유로운 분위기,신규 입사자가 기존에 있는 사원들과 어울리기 조금 부담스러운 분위기이다.,경영진에게 바라는 점은 딱히 없습니다.,비슷,추천
94,영업/제휴,전직원,서울,2018. 05. 10,"""분위기가 젊고 활기차며 사람으로 인한 스트레스가 적습니다""",함께 일하는 동료들에게 배울점이 많고 좋은 사람들과 일할수 있음에 감사함,업무량이 많아 과도한 야근으로 지침 직원에 대해 지원이 적다,합리적인 시스템 구축과 직원들에게 많은 지원이 필요합니다,성장,추천
95,마케팅/시장조사,전직원,서울,2018. 05. 23,"""배우고 싶은 회사 배울것이 많은회사 게속 다니고 싶은 회사""","자유 연차 휴가 가능합니다. 자유로운 사내분위기 좋아요
계속 다니고 싶은회사","단결럭이 강해 조금은 소외감을 느낄수도 있습니다
완전히 어울리기에는 조금 시간이 걸려요","딱히 없습니다. 지금 의 분위기만유지하고 직원들을
위해 힘써주세요",성장,추천
96,영업/제휴,전직원,서울,2018. 05. 08,"""경력직을 우대하지만 스펙없이 오로지 실력으로 승부하는 열린회사""",도서구입비무제한 직원들의 창의력개발에 힘쓰는 회사 . 인생에있어 중요한 이벤트를 존중해주는 직원을 위하는 회사. 협업을 중시하며 직원과의 소통을 중요시하는 회사,업무가 힘들고 인센티브가 없지만 살아있음을 느끼게 해주는 회사. 함께하기에 소통이 안되면 더어려울수있음,신규사업으로 인한 적자의 책임을 더 중대지고 직원들에게도 기대셔도되요,성장,추천
97,마케팅/시장조사,현직원,서울,2018. 04. 24,"""외부에서 보여지는 복지 그대로를 만끽할 수 있음. 월요일 오후출근, 본인/부모님/배우자 생일 4시 퇴근/책 무제한 구매 등. 회사를 선택할 때 복지가 최우선순위라면 강추""","연차 눈치 안 봐도 되고, 재택근무, 생리휴가, 도서구입 무제한, 9시 넘어서 까지 야근할 경우 야근비 25,000원 지급. 배민만의 문화가 담겨있는 각종 연례행사들.","스타트업도 대기업도 아닌 그 중간을 걷고 있는 과정으로, 실무자들이 고생이 많음. 많은 인원 충원으로 배민문화가 위태로워 보임(그러나 많은 이가 유지하려 노력하고 있기에 쉽게 무너질 거 같진 않음)",중간관리자급 이상이라면 더 신중히 채용해주었으면 합니다,비슷,추천
98,서비스/고객지원,전직원,서울,2018. 04. 23,"""배민다움을 배우고 개인의 성장을 도와주는 곳이지만 내가 배민다워져야 하는 이유는 잘 모르겠다""","수평적인 기업문화. 월요일 1시출근. 점심시간 1시간 30분.
사람들이 많이 친절한 편이다",스타트업이다보니 업무 프로세스가 잘 안잡혀있음 신규입사자도 많고 퇴사자도 많은듯하다,올해에 400명 채용한다고 하던데 두루두루 좋은 분들 많이 뽑았으면,비슷,추천
99,마케팅/시장조사,전직원,서울,2018. 05. 09,"""수평적인 조직문화와 확고한 철학이 있는 기업""",수평적인 분위기와 자유로운 기업문화 많은 복지제도가 커다란 장점 특히나 도서구입비는 책을 좋아하는 사람으로썬 행운,"아직 스타트업의 전형적인 시행착오 단계, 자유로운 기업문화를 가지고 있긴 하나 눈치가 좋아야 살아남을수 있음",시행착오 단계이기 때문에 어느정도 시간이 지나면 확립될거라 생각합니다,성장,추천
100,마케팅/시장조사,전직원,서울,2018. 05. 09,"""이쪽에서는 1위 기업이고, 젊은 기업이라 일하기 좋으며 사람들도 다들 착함.
점점 회사가 커져가고 있어서 성장하기 좋음.""","워라밸이 보장되어있고 휴가를 눈치없이 쓸수 있으며
경영진들이 다들 존경할 수 있는 분들이다.","생각보다 연봉이 높은편은 아님, 야근도 적당히 존재하고 (팀마다 다르겠지만)","종종 이슈가 발생하는데, 유저들이 수긍할만한 대처를 해주었으면 좋겠다.",성장,추천
101,영업/제휴,전직원,서울,2018. 05. 08,"""경력직을 우대하지만 스펙없이 오로지 실력으로 승부하는 열린회사""",도서구입비무제한 직원들의 창의력개발에 힘쓰는 회사 . 인생에있어 중요한 이벤트를 존중해주는 직원을 위하는 회사. 협업을 중시하며 직원과의 소통을 중요시하는 회사,업무가 힘들고 인센티브가 없지만 살아있음을 느끼게 해주는 회사. 함께하기에 소통이 안되면 더어려울수있음,신규사업으로 인한 적자의 책임을 더 중대지고 직원들에게도 기대셔도되요,성장,추천
102,IT/인터넷,전직원,서울,2018. 03. 08,"""외부에서 보여지는 복지 그대로를 만끽할 수 있음. 월요일 오후출근, 본인/부모님/배우자 생일 4시 퇴근/책 무제한 구매 등. 회사를 선택할 때 복지가 최우선순위라면 강추""","연차 눈치 안 봐도 되고, 재택근무, 생리휴가, 도서구입 무제한, 9시 넘어서 까지 야근할 경우 야근비 25,000원 지급. 배민만의 문화가 담겨있는 각종 연례행사들.","스타트업도 대기업도 아닌 그 중간을 걷고 있는 과정으로, 실무자들이 고생이 많음. 많은 인원 충원으로 배민문화가 위태로워 보임(그러나 많은 이가 유지하려 노력하고 있기에 쉽게 무너질 거 같진 않음)",직원들의 복지에 힘써주셔서 감사합니다.,비슷,추천
103,경영/기획/컨설팅,전직원,서울,2018. 01. 09,"""조금씩 대기업 문화를 끼워 맞추어 가는 회사. 규모는 대기업이나 아직 내실은 부족하다.""","월요일 1시 출근!!
도서비 무한 지원으로 책읽기 좋은사람들에게는 좋은 복지.
결혼한 사람 혹은 여성들에게는 좋은 복지가 많음.","부서별 연봉 차이가 심하게 남. 성과급 없음. 떡값 없음.
회사에 임원이 너무 많음. 싱글 남성에게는 복지가 없음.","모든 직원은 아니더라도 대부분의 직원들이 이해할 수 있는 합리적인 보상, 복지, 인사 체계를 만들었으면 좋겠다.",성장,추천
104,마케팅/시장조사,전직원,서울,2017. 12. 09,"""편한 분위기에서 일할 수 있고 굉장히 자유롭다. 그러나 그 안에서 자기 할일을 해내는 사람들...""",확실히 눈치안보고 일할 수 있음. 그러나 사람들과 융화되지 않으면 좀 힘들다 겉도는 느낌 받을수있음,좀 특이한 사람들이 많다 그렇다고 나쁜건 아니고.. 그리고 식대포함이 아니고 야근이 좀 있다. 물론 자기가 다 원해서 하는 것이지만 업무량이 많을 땐 스스로 하는 것,다들 힘내서 좋은 회사 만드시길 이대로만 하시면 쭉쭉 나아가겟죠,성장,추천
105,마케팅/시장조사,전직원,서울,2017. 11. 13,"""복지가 모든것을 커버해주는 회사, 아쉬운 점이 많지만 개선하려는 경영진의 마인드가 훌륭하다고 생각합니다.""","주 35시간 근무, 월요일 오후출근, 여성휴가, 연차 눈치안보고 씀, 수평적인 기업문화,","배달의민족과 우아한형제들의 브랜드 이미지에 비해, 내부 업무 프로세스 엉망.
부서에 따라 다르겠지만 업무가 많고, 업무가 많은것이 기본 어드민이나 내부 프로세스때문에 생기는 경우가 많음","모든 부문, 부서 구성원들이 같은 성취감을 느끼며 다닐 수 있도록 해주세요 :)",성장,추천
106,마케팅/시장조사,전직원,서울,2017. 11. 08,"""배울 점이 많은 회사임. 출신,경력 구분 없이 다양한 사람들이 모여서 일함, 젊고 프로패셔널한 분위기""","잘 크고 있는 회사라는 생각이 듦, 이런 저런 소문이 들리지만 크게 개인에게 불이익이 올정도로 느껴지지는 않음. 생각보다 평화롭고, 팀 분위기가 매우 좋음.","아무리 큰 회사가 되었다고 하더라도 스타트업이다보니 사람들의 입 퇴사가 잦은 편, 매우 자유로운 분위기로 인해 어느 정도 산만한다고 느낄 수 있음. 업무에 집중하기 위해서 노력이 필요함. 그런 배려는 회사차원에서 잘되어 있음.",딱히 없음. 정말 없음. 고작 인턴이었는데 경영진한테 뭘 바라겠음. 좋은 경험이었음.,성장,추천
107,서비스/고객지원,전직원,서울,2017. 12. 08,"""젊고 유쾌하고 자유롭고 수평적이면서도 수직적인 다양한 면모를 가졌지만 일부 운영진이 좀먹는 회사""","좋은 기업문화가 아직 느껴지며 구애받지 않는 자유로움과 열정적인 모습이 느껴진다.
서로 예의 바르지만 유쾌한 분위기.
변화가 잦은 만큼 상당한 궁리가 필요하며 자극이 된다.
타겟팅이 분명해선지 브랜드정체성도 강하게 느껴지며 센스가 좋음.
적어도 업계에서 독보적인 인지도인 것을 무시할 수 없다. 1위의 위엄.
좋은의미든 나쁜의미든 다양한 경험 가능하며 자극적이지 않은 경험이 없을 정도로 짜릿한 업무가능.","이끌지도 따르게 하지도 못하고 사람을 비키게만 하는 곳으로 변모해감.
결정 내린 자가 책임지지 않고 실행한 자가 책임진다.
그 결정은 약 2~3분 내에 얼마든지 번복될 수 있으며 그 또한 책임은 실행한 자가 져야한다.

정규직과 기타직은 다른 별의 존재.
회사에서 강조하는 좋은 가치는 그들만의 리그이며 외부직은 갑질 및 책임전가대상. 리더 중 아무도 책임지려하지 않는다. 장애가 터져 피해를 입어도 격려를 건네지 않는다. 사람보다 책망이 먼저다.
사실관계보다 대표님 행간, 한마디가 더 중요하다.

카리스마있고 용단을 내리던 리더가 부재하게 되면서 저질피드백으로 업무질을 떨어뜨린다. 높은 직급을 주는 기준이 실력과 성과가 아니라는걸 알 수 있다(적어도 본 부서는 그렇다). 겸손하며 성실근면한 인재를 원한다고 하나 운영진이 그렇지 못함. 성실한 부분은 근태만인듯 하다.
외부와 내부 이미지 갭이 매우 큰 회사.","책임전가 하지 말고 위에 선 사람으로서 용단을 보였으면 좋겠습니다.
본인이 맡은 서비스의 프로세스, 기본지식은 갖추시길 제발 부탁드립니다.

대표님의 기업문화에 대한 고집, 철학을 존경하고 서비스를 사랑하지만 운영진들을 존경 할순 없습니다.

스스로의 직급에 도취되어 있지는 않으신지요?
명확한 원인 파악없이 대안없는 불만만 제기하시진 않으신지요?
비전을 제시할 수 있는 리더이신지요?

명령을 내린다고 리더가 아닙니다.
진정으로 소속 부서를 염려하는 리더의 모습을 원합니다.
미움받더라도 입장을 한 번이라도 대변해줄 용기있는 리더를 원합니다.
우아한 문화를 자랑하려면 적어도 먼저 체화하신 다음이 어떨까요?

어떤 사람이 진정 우아한 리더입니까?",비슷,추천
108,IT/인터넷,전직원,서울,2017. 11. 06,"""개발조직이라면 최근 활발한 기술 부채 청산으로 배울것이 많은 곳""",연차를 쓰는데 자유로우며 좋은 경력자들이 많이 들어와서 배울 수 있는 것이 많다,일부 예전 사람들의 꼰대노릇. 야간 작업 이후에도 반드시 지켜져야하는 문제의 9시 칼출근,9시를 지키는 것이 더 이상 무슨 의미가 있는지? 직원을 믿지 못함에서 나온 억지 규칙이 아닌가. 너무나 많은 장점을 가진 회사임에도 불구하고 소수의 단점이 다른 장점들을 묻어버림,비슷,추천
109,영업/제휴,현직원,서울,2017. 10. 18,"""좋은 사람들과 함께 일할 수 있는 자유로운 회사""","무제한 도서구입비, 좋은 사람을 만드려는 기업문화, 월요일은 오후출근, 야근과 주말출근을 못하도록하는 분위기, 공과 사를 구별하는 분위기, 업무와 삶의 균형이 잘 이루어짐, 고객을 대하는 영업직이 아니라면 수염을 기르든 머리를 기르든 문신을 하든 트레이닝복을 입든 터치하지 않음","계속 바뀌는 사업목표 및 기준, 단기적으로 성과가 나오지 않으면 목표와 기준이 수시로 바뀐다, 아무리 회의를 해도 위의 결정이 바뀌지 않는다, 경력직들 중 꼰대들이 종종 보인다.",신시장을 계속 개척하는만큼 단기적성과보다는 장기적 안목을 갖고 사업목표와 기준을 설정했으면 바람.,비슷,추천
110,IT/인터넷,전직원,서울,2017. 10. 23,"""겉 다르고 속 다른 회사/ 몸집이 커지면서 정치질이 생기고 있다.""","쾌적한 환경/ 건물이 역 바로 앞이라 편하다.
복장이 자유롭다.","프리한거 같지만 프리하지 않다.
대외적으로 보여지는 기업 이미지때문에 겉으론 다들 너무 좋은 회사에 즐겁게 다니는 직원들처럼 보이려고 애쓰지만 알고보면 불만투성이다.
이상한 행사가 너무 많다.
정직원과 계약직/외부직원들 차별 없다고 하지만 차별이 존재한다.","모든게 사장을 통해 이루어진다.
최종 컨펌은 사소한것도 사장이 오케이해야 되는 구조이다. 아직도 벤처 사장으로 남고 싶으신건가요?",비슷,추천
111,IT/인터넷,전직원,서울,2017. 09. 16,"""회사를 지칭할때 단지 배달앱 만드는 회사가 아니라 IT 회사라고 말하는 만큼, IT 기술에 신경을 많이 쓰고 개발자의 의견을 잘 들어주는 분위기""",전체적인 분위기가 사내 문화를 지키고 더 좋은방향으로 발전시키려고 노력하는 분위기,회사 규모를 키우려고 하다보니 근무가 많은것같음. 사내문화가 독특해서 적응 못하는 경우도 있다고 함.,영업이익이 날 수 있는 성과가 나는 결과물이 필요할 듯.,성장,추천
112,서비스/고객지원,전직원,서울,2017. 09. 05,"""수평적인 구조에 좋은 복지의 문화를 가지고있는 기업.""",연차쓸때 눈치볼일 전혀없다. 재밌는 사람들이 많다. 각자의 취향과 성향을 존중해주는 분위기. 직급이 높다고해서 낮은 직급의 사원들 무시하지않는다. 회사 내적으로 외적으로 잘못된게 있으면 잘못된거라고 말할수있는 분위기.,"정규직과 계약직(파견직) 사원간의 갭이 크다. 회사가 ""우리는 좋은회사야""라는 것에 강박관념이 있는것 같다. 중간중간에 행사같은게 많다. 별로 하고싶지도 공감가지도 않지만 정규직원 또는 관리자급 사원들은 애써 즐거운척 참여한다.",다양한 부서가 업무하고 있습니다. 그 중에서도 파견직과 계약직에 비율이 가장많은 부서가 고객센터일것 같습니다. 지금도 타 고객센터에 비하면 신경을 많이 써주시는 것 같아서 더 바라면 욕심같네요..,비슷,추천
113,경영/기획/컨설팅,전직원,서울,2017. 09. 19,"""인간 관계에 대한 스트레스가 거의 없음, 복지가 좋음, 가족에게 자랑하기 좋은 회사, 근무 환경이 매우 좋음""","수평적인 분위기, 퇴근시 인사x, 연차 사용 자율적, 친근한 분위기, 다양한 이벤트와 행사가 즐거울 때도 있음","야근수당이 정해져있음, 처음에 놓친 부분에 대한 이슈가 추후에 드러나면 해결하기 바쁨",직원들의 경력과 업무 역랑에 맞게 일을 줬으면 한다,비슷,추천
114,IT/인터넷,전직원,서울,2017. 09. 16,"""회사를 지칭할때 단지 배달앱 만드는 회사가 아니라 IT 회사라고 말하는 만큼, IT 기술에 신경을 많이 쓰고 개발자의 의견을 잘 들어주는 분위기""",전체적인 분위기가 사내 문화를 지키고 더 좋은방향으로 발전시키려고 노력하는 분위기,회사 규모를 키우려고 하다보니 근무가 많은것같음. 사내문화가 독특해서 적응 못하는 경우도 있다고 함.,영업이익이 날 수 있는 성과가 나는 결과물이 필요할 듯.,성장,추천
115,인사/총무,전직원,서울,2017. 08. 03,"""겉과 속이 다른 회사, 일반적인 스타트업과 다르지 않았다?""",월요일 1시 출근과 같은 근무문화에 대해서는 매우 좋았음,"정치인들이 많은데, 그분들로 인해 고통받은 직원들의 고충은 외면당하는 느낌?",리더자질이 없는 사람이 많다? 다 비슷하러나?,성장,추천
116,금융/재무,현직원,서울,2017. 07. 09,"""자녀가 있는 사람이라면 꼭 한번 다닐만한 회사 반면 자녀가 없으면 소외될 수 있는 회사""","업무에 지장 없으면 연차 마음껏 사용 가능, 임원 마인드가 꼰대가 아님","프로세스 부족, 대기업출신 경력자들이 프로세스를 잡고 있지만 기존 재직자들의 역량이 부족함, 피플팀","연봉 체계 오픈, 구간에 따른 객관적인 연봉 체계 구축 요청",성장,추천
117,서비스/고객지원,전직원,서울,2017. 03. 01,"""젊은 기업이라는 것이 티가 팍팍 난다. 첫 사무직이었는데 좋은 경험이었음.""",수평적인 관계. 상사도 절대 반말 안함. 정해진 휴식시간은 전혀 눈치안보고 쓸수 있음.,각자 컴퓨터 보고 일해서 조금 개인주의적인 느낌이 들고 콜을 잡는 게 스트레스 받을 수 있음.,지금처럼 수평적 분위기를 계속 유지해갔으면 좋겠다,성장,추천
118,IT/인터넷,전직원,서울,2017. 02. 11,"""훌륭한 조직문화를 만들고 가꿔가는 곳. 성장이 계속되고 있는 곳.""",조직문화가 좋다. 분위기가 자유롭고 편안하다. 책값 지원이 확실하다.,직급과 연봉의 기준을 모르겠다. 레거시들이 발목을 잡는 경우가 많다.,좋은 조직문화를 꾸준히 이어갈 수 있는 회사가 되면 좋겠다.,성장,추천
119,영업/제휴,전직원,서울,2017. 04. 27,"""정규직과 파견직이확실하게나뉘어있는곡 정규직이아니라면 월요일 한시출근 점심시간 한시간반이 정해져져있지않음
이사라인을 통해 낙하산이 지속적으로 속출되는곳""",도서를지원해줌 회식비 5개월에1회지원해줌 생리휴가가있어좋음 야근강요안함,업무의 능력으로 승진하는것이아닌 해당파견사의 높은사람이와서 업무도 모른상태로 일을진행함 업무능력으로 사람을 승진시키지않아 발전가능성없음,아래직원의 말도들어줬으면함 낙하산이아닌 정말일을열심히하고 열성적인직원을뽑았으면함,비슷,추천
120,IT/인터넷,전직원,서울,2016. 09. 05,"""자유로운 분위기, 서로 존중하고 함께 성장해 나가는 기업 문화""","월요일 오전 휴무, 도서구매 무제한 지원, 직장 동료와의 친밀한 관계. 대표 및 경영진과의 커뮤니케이션이 자유롭다.",자유로운 분위기를 즐기다 자칫 본인이 해야 할 업무를 놓칠 수 있다. 빠르게 성장해 나가는 기업인 만큼 업무량도 많은 편,회사의 규모가 커진 이후에도 좋은 문화를 유지해 주면 좋겠다.,성장,추천
121,전문직,전직원,서울,2017. 02. 08,"""좋은 문화만 보고 찾아온다면 후회 할 가능성이 큼
실무진은 업무량이 기본적으로 2배 이상이다.""","수평적인 업무구조, 좋은 기업문화를 지키기 위해 애쓰는 구성원들, 명절 덕담, 좋은 이벤트와 팬문화-",복지제도가 다양하나 사용 시 눈치보거나 실또는 부서마다 이용할수 있는 제도가 국한됨. 실무진은 업무량 많고 회의도 많음. 회의만 하다가 하루 다 잡아먹고 야근해야하는것도 문화라면 문화.,인원 늘리기에만 급급하고 정작 중요한걸 놓치고 있지는 않은가 생각해야함. 각 부서들이 자기의 컨텐츠가 중요하다 다툴때 경영진은 집중과 선택 해야할듯. 모두가 중요하다 생각할때 길잡이가 되는 방향을 생각하기를..,비슷,추천
122,디자인,전직원,서울,2016. 08. 01,"""인턴에게도 많은 기회를 주고, 즐겁게 일 할 수있는 문화를 함께 만들어 가는 곳""","- 젊은 기업 문화가 특징적입니다
(특히 월요일 1시 출근, 주 4.5일제)
- O2O, 푸드테크에 관심이 많은 분들께 추천합니다

그외 깨알같은 장점들 (맛있는 점심, 간식&과일, 카페 같은 내부, 바로 앞에 석촌호수, 화기애애한 분위기, 도움되는 강연이나 이벤트가 많음, 개성있는 사람들)","-일이 많아 종종 야근을 하는 것은 어쩔 수 없나 봅니다
-보다 효율적인 업무 분담이 필요하지 않을까요","앞으로도 배민만의 문화를 잃지 않고, 새로운 도전을 계속해주세요!",성장,추천
123,영업/제휴,현직원,서울,2016. 06. 28,"""직군마다 다르지만 개인생활과 일의 균형을 이룰 수 있는 곳.
성장속도가 가장 빠른 회사에서 좋은 경험치를 쌓을 수 있는 곳.""","최고의 장점은 복지와 사내문화, 휴무일 보장은 기본이고 주 4.5일제는 최고의 복지! 수평적인 커뮤니케이션은 국내 어느 기업에서도 찾아볼 수 없을 것 같은 최고의 문화임.","성장과정이다 보니 절대적인 일의 양과 더불어 회사 내 이슈도 많으며,
사람 위주로 일이 돌아가다보니 일하는 사람만 일하는 구조임.
인센티브제도가 없다 보니 금전적인 성취감이나 만족도는 다소 떨어짐.","직원들이 회사와 같이 성장해 나가겠지만 직원이 점점 늘다보니
HRD 와 같은 체계적인 교육 프로그램이 필요. 특히 쥬니어 직원들.",성장,추천
124,영업/제휴,전직원,서울,2016. 08. 31,"""젊고 자유로운 분위기의 회사를 원한다면 여기.""","휴가를 눈치 없이 쓸 수 있고, 독특한 직원들이 많음.다른 기업에 비해 훨씬 자유로운 분위기, 수평적인 회사 문화",자유로운 분위기지만 업무를 실행하는데 있어서 이런 분위기가 안 맞는 사람이 있을 수 있음. 다양한 회사 문화를 가지고 있는데 이런 것들이 사람에 따라 귀찮을 수가 있음. 강제가 되기도 함.,야근을 지양하지만 자연스럽게 야근을 할 수 밖에 없는 회사 상황과 타임라인에 대한 압박이 너무 심하다.,성장,추천
125,영업/제휴,현직원,서울,2016. 04. 08,"""제대로 된 영업 배우고 싶으면 다른 회사로 가세요!""","도서 구입비 무제한 지원
월요일 오후 1시 출근
자유로운 분위기
다양한 사내 이벤트
건강한 마인드의 대표님
인간적으로 사원을 대해줌","너무 자주 바뀌는 영업부서 시스템
최근 들어 심해진 실적 압박
서울 본사 영업팀 내의 균열
정확한 가이드라인이 없는 영업 시스템
영업 사원 한명이 사장님 500명 이상을 관리해야함
시도때도 없이 울리는 휴대폰
성질 급한 업주들 비위 맞춰 줘야함
회사에서 차량, 영업용 휴대폰 지원 안 됨",어떻게 해야할지 갈피를 못 잡는 연차이기 때문에 아직까지는 바라는 점이 없고 열심히 배우고 싶다.,성장,추천
126,영업/제휴,전직원,서울,2016. 03. 18,"""스타트업의 문화를 알 수 있는회사, 오투오 비지니스를 배울수 있으나 회사가 성장하는만큼 처우에대한 개선도 따라왔으면 좋겟다""","모두가 열심히, 팀별로는 다르나 좋은 팀장을 만나면 성장의 기회가 있습니다",업무량이많고 아직 시스템이나 프로세스가 정착되지않아 부수적인 업부가 많습니다,"회사가 커가는 만큼, 영업이 중요한만큼 처우의 개선을 바랍니다",성장,추천
127,마케팅/시장조사,전직원,서울,2016. 01. 24,"""벤처는 벤처. 생각보다 사업영역을 확장시키기가 힘듬.
다들 으쌰으쌰하는 분위기""","도서구입비, 자기계발 지원 등 직원복지에 신경을 써줌.","직원복지에 많이 신경을 쓴다해도
스타트업으로 시작된 거고, it같은 핵심적인 전문직무가 아니면 이직할때 그닥 +가 될거 같진 않음","솔직히 짧게 근무한거라 경영진에게 바라거나 할만한 건 없음..
어차피 벤처,it에 관심있는 사람들이면 느끼는건 케바케일듯",성장,추천
128,영업/제휴,현직원,기타,2016. 04. 24,"""앞으로 한달한달이 중요 할 회사. 국내 O2O사업의 선두주자. 하지만 다양한 사업군에 비해 실제 대부분의 수익은 배달의민족에서 나옴. 다른 사업들에서 어떻게 효율적으로 수익을 내는 구조를 만들지, 각 사업들간 시너지를 어떻게 낼 것인지가 중요.""","주 4.5일제, 도서구입비 지원은 좋음. 다만 도서구입비 같은 경우 개발자들(개발자들은 지속으로 새로운 기술에 대한 정보 및 동향 파악을위해 서적을 구입해야하는 수요가 있음)에게 조금 더 초점이 맞춰진 정책인듯.",전문경영인이 없음. 회사가 성장하기 위해서는 경영에 대한 전문지식이 있는 CEO가 필요할듯,현재의 수익구조는 부가가치가 크지 않음. (인당 매출액이 낮음) 현재의 구조에서 어떻게 큰 부가가치를 낼 것인지 고민이 필요.,비슷,추천
129,디자인,현직원,서울,2016. 04. 08,"""디자인 분야에서 대우 받으며 보람차게 일할 수 있는 곳. 규모가 급격히 커지면서 아직 체계가 덜 잡혔다고 느껴지지만 주변 사람들과 일하기 좋은 회사다.""",'휴가에는 사유가 없다.'라는 문장을 잘 지켜주는 회사. 회사 측에서는 일하기 좋은 환경을 제공 해주려고 항상 애쓴다. 어떻게 해야할지 어디로 가야할지 모를 때 좋은 구성원이 있어서 되게 도움이 많이 된다.,부서마다 느낌이 다르겠지만 조직장의 의견에 따라 밑에 사람들의 의견이 흔들려 수정해야하는 상황이 많다. 수평적이라고 하지만 기업이 커지면서 수직적으로 바뀐 상태. 그래도 다른 회사보다는 경영진이 많이 들어주려고 하는 편.,어떻게 해야할지 갈피를 못 잡는 연차이기 때문에 아직까지는 바라는 점이 없고 열심히 배우고 싶다.,성장,추천
130,영업/제휴,전직원,서울,2016. 03. 18,"""스타트업의 문화를 알 수 있는회사, 오투오 비지니스를 배울수 있으나 회사가 성장하는만큼 처우에대한 개선도 따라왔으면 좋겟다""","모두가 열심히, 팀별로는 다르나 좋은 팀장을 만나면 성장의 기회가 있습니다",업무량이많고 아직 시스템이나 프로세스가 정착되지않아 부수적인 업부가 많습니다,"회사가 커가는 만큼, 영업이 중요한만큼 처우의 개선을 바랍니다",성장,추천
131,마케팅/시장조사,전직원,서울,2016. 01. 24,"""벤처는 벤처. 생각보다 사업영역을 확장시키기가 힘듬.
다들 으쌰으쌰하는 분위기""","도서구입비, 자기계발 지원 등 직원복지에 신경을 써줌.","직원복지에 많이 신경을 쓴다해도
스타트업으로 시작된 거고, it같은 핵심적인 전문직무가 아니면 이직할때 그닥 +가 될거 같진 않음","솔직히 짧게 근무한거라 경영진에게 바라거나 할만한 건 없음..
어차피 벤처,it에 관심있는 사람들이면 느끼는건 케바케일듯",성장,추천
132,마케팅/시장조사,전직원,서울,2016. 01. 17,"""사내 분위기 좋음. 다양한 사내 복지. 높은 업무강도.""",사내 분위기 매우 좋음. 능력 있는 경영진. 젊고 유능한 직원들이 많아 그만큼 성장가능성 매우 높다고 봄.,업무 강도 매우 높음. 유명하지만 아직까진 벤처라 일이 매우 많음. 야근이 일상.,능력 있는 경영진에게 배울 것이 많음.,성장,추천
133,IT/인터넷,현직원,서울,2015. 11. 19,"""기존에도 많이 성장하고 있었고 앞으로의 성장도 기대되는 기업""","회사의 좋은 비전을 설정하고, 해당 비전에 다가가기 위해 일할수 있다. 직원들이 전체적으로 밝고 건강한 에너지를 가지고 있으며 서로서로 친하다.","야근이나 주말근무가 필요하기도 하고, 하는것이 문제가 되는것은 아닌데 추가근무를 하는것에 대한 보상이 없다. 책이 무제한 지원이긴 한데 제약조건이 너무 많다.",추가 근무에 대한 보상이 필요하다.금액에 제한을 걸고 사고 싶은 책을 다 살 수 있으면 좋겠다,성장,추천
134,경영/기획/컨설팅,전직원,서울,2015. 11. 27,"""기업문화가 한순간에 허물어 지고 있는데.. 이제 성장 할 만큼 해서 그런지.. 위에서 관심이 없으신 듯. 모든 기업이 장단이 있지만.. 요즘 이곳 상황은 참으로 안타까움""","워라벨이 좋고, 휴가 관련된 복지가 많음. 회사와 나를 구분해서 회사에서 시키는 것만 하고.. 정시 퇴근 하겠다고 생각 한다면.. 특히 결혼했다면 복지가 아주 만족스러움.",지나치게 수직적이고 정치가 심해짐 그리고... 내부 직원들끼리.. 뒷 말이 너무 심함.. 단점 없는 기업이 있을 까 싶지만.. 여긴 좀 심한 듯.,"이제 많이 성장했고.. 외적으로 도전자들도 많고.. 어려운 점이 많겠지만..
초심을 좀 되 찾으셨으면 함..",성장,추천
135,서비스/고객지원,현직원,서울,2015. 10. 01,"""스타트업 회사답게 실험적인 복지제도를 시도하고, 구성원들을 생각하는 것이 느껴지는 회사""","주 4.5일제와 감각있는 사무실과 휴게공간
다양한 시도와 서비스를 경험할 수 있다","스타트업 회사의 특징 상 야근이 잦고, 매우 빠르게 변화하고 새 서비스가 탄생한다","잦은 조직구조 변경으로 업무 적응이 힘들고,
팀별 차별을 체감할 수 있음",성장,추천
136,경영/기획/컨설팅,현직원,서울,2015. 09. 03,"""벤쳐치고 굉장한 성과를 거둔 회사에서 일할 수 있다. 사람의 인성을 보고 뽑기 때문에 사람과의 관계가 돈독하다.""",월요일 출근을 배려해 오후 출근을 한다. 이름답게 먹는거 하나는 충실하게 챙겨준다. 기업문화는 어느 회사에서도 본받을만하다. 급여도 잘 챙겨준다.,스타트업은 스타트업이라 그런지 체계가 없다. 야근이 심하다.,체계적인 업무 R&R을 통해 업무가 효율적으로 이뤄졌으면 좋겠다. 면접볼때부터 야근야근 바라지 않고 야근을 줄일수있는 회사를 생각해보면 어떨까,성장,추천
137,IT/인터넷,현직원,서울,2015. 08. 31,"BEST
""푸드테크 기업을 지향.
음식배달 관련 여러 사업을 다 방면으로 펼치나가는중.""","다들 정말 열실히 하는 분위기, 뒤쳐지지 않을려면 같이 열심히 할 수 밖에 없어서 대기업에 비해서 빠른 성장이 가능, 기업문화는 대외적으로 보이는것과 차이 없이 정말 좋음(하지만 그런 문화에 적응 못하는 분들도 꽤 계심..) 사람 때문에 힘든점은 전혀 없음. 적당히 돈(연봉)을 타협하면 일하기는 정말 좋은 회사.(사람들이 다 착함.)
여직원 복지 및 임산부 배려는 우리나라 어느 기업보다 좋다고 생각함.","아직 업무가 체계적이지 못하고 일이 많다. 대외적으로 많이 알려 지긴 했지만, 아직까진 벤처라고 생각함. 벤처기업 치고는 연봉이 그리 낮진 않지만, 그래도 네임밸류나 알려진것에 비해 낮음.","대표님 및 경영님 마인드 굿. 당장의 이익보다는 큰 그림을 그리심.(그 때문에 업무가 다소 많고, 끈임없이 새로운 것이 생긴다.) 평균적으로 연봉 좀 많이 올려 주셨으면 좋겠음ㅠㅠ",성장,추천
138,IT/인터넷,현직원,서울,2015. 10. 20,"""일하기 좋고 성장할 수 있는 기회가 많음. 전반적으로 화기애애함.""",도서구입비 무제한. 업무에 대한 열정이 많고 사람들이 좋음,정착되지 않아 변화가 많음. 한가지 일에 집중하기 보다는 이것 저것해야할 경우가 많음,빠른 변화를 주는것도 좋지만 내실을 다지는 것도 필요함,성장,추천
139,서비스/고객지원,현직원,서울,2015. 10. 01,"""스타트업 회사답게 실험적인 복지제도를 시도하고, 구성원들을 생각하는 것이 느껴지는 회사""","주 4.5일제와 감각있는 사무실과 휴게공간
다양한 시도와 서비스를 경험할 수 있다","스타트업 회사의 특징 상 야근이 잦고, 매우 빠르게 변화하고 새 서비스가 탄생한다","잦은 조직구조 변경으로 업무 적응이 힘들고,
팀별 차별을 체감할 수 있음",성장,추천
140,IT/인터넷,현직원,서울,2015. 09. 07,"""스타트업의 맨땅에헤딩 정신과, 대기업의 보수성이 같이 보이는 기업.""","4.5일제, 도서비 무한지원, 업계 1위라는 자부심 정도?","1. 전 직원이 지나치게 야근을 디폴트화 하고 있으나, 업무 프로세스 개선 등을 통해 이를 개선하려는 의지가 전혀 없음.
퇴근시간이 6시 반이나, 그 시간에 아무도 안일어나는 게 당연한 사태가..

2. 지나친 야근으로 인해, 모두가 '이건 뭔가 잘못되었다'라는 인식을 하고 있지만, 책상을 엎기 힘든 문화로 인해 다들 그냥 일을 하게 됨.

3. 하루종일 회의만 하다가 자리에 앉으면 6시, 그때부터 메일들이 오기 시작함.

4. 다들 일하기에 바빠서, 개인적인 업무역량 등을 키울 기회가 별로 없음. 그냥 달리기에 바쁨. 개인적으로 이 점이 제일 아쉬웠음..","제발 집에 좀 갑시다.
일이 많다고 해서 사람 많이 뽑는 것도 좋지만, 내부적으로 정비를 좀 했으면.",성장,추천
141,서비스/고객지원,현직원,서울,2015. 06. 09,"""다른 고객센터에 비해 편하고 차별성이 있어 본인이 노력만 한다면 성장하기 좋은회사""","편안한 휴게실, 근무중에 나오는 음악, 매일 제공되는 신선한 과일 굿",출퇴근 시간이 매번 바뀌고 지원 근무를 해야해서 힘듬,기술적인 부분에 조금거 신경써 주시면 업무가 편해질거 같아요,성장,추천
142,IT/인터넷,현직원,서울,2015. 08. 17,"""밖에서 보는 것과는 다를 수 있지만 잘 맞다면 만족감은 충분한 회사""",직급과 구애받지 않고 다양한 업무를 처음부터 끝까지 경험해볼 수 있으며 밝고 친절한 구성원들에게서 긍정적인 에너지를 얻을 수 있음,"아직 전반적으로 구조나 시스템 세팅이 완전하지 않아 기본적으로 회사에서 제공되는 것들(매뉴얼, 비품, 지원 등)이 없는 경우가 있음
밝고 친절하며 많은 것을 공유하는 조직 분위기가 맞지 않다면 소외감을 느낄 수 있음",아직 커 가는 조직이라 조직구성이나 R,성장,추천
143,기타,전직원,서울,2015. 03. 13,"""음악을 틀고 업무를 하는 등 자유롭고 수평적인 기업문화를 추구하는 사람이라면..""","복지.. 도서구매지원, 신선한 과일 조달, 4.5일 출근제, 쉐프가 있는 식당..",잘나간다고 대기업 수준의 연봉을 기대하면 실망..,해외로 사업이 커지고 있는데 적당한 인력충원도 필요하다고 생각..,성장,추천
144,IT/인터넷,현직원,서울,2015. 03. 07,"""가장 급변하게 변하는 시장의 중심에서 많은 도전을 할 수 있으며, 사람들과의 일이 즐거울 수 있다는 것을 느낄 수 있는 회사이다.""","책 구매 무제한 지원과 가족같은 사내문화. 특히 사내문화의 경우, 다른 회사에서 찾아보기 어려울 정도의 구심력이 있다. 그리고 프로젝트를 진행할 때 책임을 묻기 보다는 함께 해결하려는 분위기가 좋다.","일과 삶의 균형이 맞지 않는다. 급변하는 시장에서 헤쳐나기기 위해 강요하지 않지만, 각오하지 않으면 자율적 야근은 살인적일 때가 있다. 그리고 사내문화에 어울리지 않으면 견디기 어려울 수 있다.",조직의 확장에 따른 근무장소가 늘어감에 따라 전체적인 사원간의 교류가 적어지고 있는 점과 어울리는 문화(행사)가 조금은 정형화되어가는 점이 아쉽다.,성장,추천
145,영업/제휴,현직원,서울,2015. 05. 06,"""기업문화를 함께 만들어 나갈 수 있는 기업. 야근은 별로 문제되지 않음""","진실로 수평적 분위기, 연봉 또한 나쁘지 않음 상대적으론. 무엇보다 자신이 프리하다면 프리한 회사로 오길",잦은 야근으로 자기만의 시간을 갖기 어려움,"많은 것을 회사에서 지원해주지만, 개인만의, 자기계발을 위한 시간은 높은 삶의 질을 위해 반드시 필요함.",성장,추천
146,금융/재무,전직원,서울,2015. 04. 21,"""지금 핫하지만 언제까지 핫할까 궁금하다""","직원들이 젊음-> 젊은 분위기
아침 과일 제공
책 무제한 제공","회사 밖에서 보여지는 자율적인 모습과 반대되는 통제된 분위기
업무 알앤알 구분도 되어있지 않은 중구난방식 업무 스타일
직원을 쉽게 보는 회사 (누군가 그만둬도 지원하는 사람 많으니 안맞으면 나가라 마인드)","밖에서 보여지는 이미지도 중요하지만
안에서의 상황도 확인하셨으면...",비슷,추천
147,경영/기획/컨설팅,현직원,서울,2015. 02. 05,"""조직문화가 최대 강점! 구성원 모두가 일도 잘하지만 인격적으로도 우수하신 분들이 많음""",적절한 복지와 최고의 조직문화! 일도 잘하지만 인격적으로도 우수한 사람들 사이에서 보고 배우고 성장할 수 있음. 성장의 가능성 또한 무궁무진함,딱히 없음. 회사가 좋아서 여기 있다가 이직하실때 오히려 다른 회사에 적응못할 수있다는게 단점,더할나위없이!,성장,추천
148,경영/기획/컨설팅,현직원,서울,2014. 11. 08,"""신입직으로는 사실 불행일 수도 있습니다. 이런 회사가 흔치 않으니까요.""",CEO의 마인드가 가장 중요한 장점이죠. 믿고 따라가게 만드는 리더십. 늘 깊게 고민하고 방향을 끌어주시죠,대기업처럼 체계적으로 시스템이 많이 갖추어지지는 않았어요. 그래서 지금 열심히 만들만들하고 있는 단계지요. 그게 불편하다면 불편할 수 있어요.,건강하셨으면 좋겠어요! 오래오래 좋은기업 함께 만들어가요!,성장,추천
149,영업/제휴,현직원,서울,2015. 02. 14,"""자유롭고 편안한 분위기 미래가 보이는 곳""","자유롭고 편하다
쾌적한 근무 환경
다과 무제한 제공","로테이션 근무
교육 커리큘럼의 체계가 잡혀있지 않음",교육의 체계가 제대로 잘 잡혔으면 좋겠어요,성장,추천
150,디자인,현직원,서울,2014. 08. 12,"BEST
""IT업계치고 야근없는 회사가 있을까. 그래도 매우 만족하는 이유는 회사와 내가 함께 으쌰으쌰 성장해가는 즐거움과 화기애애한 기업문화에 있달까.""","업무분위기 굿, 과하지 않고 꼭 필요한 특별한 복지가 멋진 회사.",아이티는 어쩔수 없다. 업무량대폭발. !!!! 그래도 야근은 종종 철야는 아주아주 가끔있는일@!,언제나 지금처럼,성장,추천
151,IT/인터넷,현직원,서울,2014. 10. 17,"""자신이 하는 일에 대한 성과를 바로 볼 수있고 진짜 대단한 분들 아래에서 일을 배울 수 있다.그리고 진짜 재밌다!!ㅋㅋㅋㅋ""",단계적으로 많은 일들을 경험하고 배울 수 있고 존경할수있는 상사와 일하며 성장할 수 있다.,편하게 놀거라고 생각하고 오면 당황할 수 있다.,함께 으쌰으쌰해요!,성장,추천
